{
  "type": "FeatureCollection",
  "generator": "overpass-turbo",
  "copyright": "The data included in this document is from www.openstreetmap.org. The data is made available under ODbL.",
  "timestamp": "2026-09-08T19:11:34Z",
  "features": [
    {
      "type": "Feature",
      "properties": {
        "@id": "relation/19377767",
        "admin_level": "6",
        "boundary": "administrative",
        "name": "Phường Quế Võ",
        "name:en": "Que Vo Ward",
        "name:lzh": "桂武坊",
        "name:vi-Hani": "坊桂武",
        "name:zh": "桂武坊",
        "name:zh-Hans": "桂武坊",
        "name:zh-Hant": "桂武坊",
        "population": "40194",
        "population:date": "2025-07-01",
        "source:population": "gis.vn",
        "type": "boundary",
        "wikidata": "Q134980449",
        "wikipedia": "vi:Quế Võ"
      },
      "geometry": {
        "type": "Polygon",
        "coordinates": [
          [
            [
              106.1475657,
              21.1699147
            ],
            [
              106.1476008,
              21.1698067
            ],
            [
              106.1480052,
              21.1687366
            ],
            [
              106.1483126,
              21.1677922
            ],
            [
              106.1487483,
              21.1665197
            ],
            [
              106.1491133,
              21.165353
            ],
            [
              106.1496437,
              21.1638065
            ],
            [
              106.1483435,
              21.1634423
            ],
            [
              106.1478739,
              21.1633084
            ],
            [
              106.1477791,
              21.1632748
            ],
            [
              106.1481146,
              21.1622613
            ],
            [
              106.1481425,
              21.1621764
            ],
            [
              106.1483141,
              21.1611558
            ],
            [
              106.1481317,
              21.1601653
            ],
            [
              106.14899,
              21.1598451
            ],
            [
              106.1482068,
              21.1581042
            ],
            [
              106.1488077,
              21.157824
            ],
            [
              106.1462,
              21.1527785
            ],
            [
              106.1487433,
              21.1518686
            ],
            [
              106.1485609,
              21.1514484
            ],
            [
              106.1488506,
              21.1513983
            ],
            [
              106.148518,
              21.1506379
            ],
            [
              106.1502346,
              21.1503277
            ],
            [
              106.1510929,
              21.1502076
            ],
            [
              106.1515542,
              21.1493371
            ],
            [
              106.1518117,
              21.1487867
            ],
            [
              106.1518654,
              21.1482564
            ],
            [
              106.1517847,
              21.1474507
            ],
            [
              106.1518125,
              21.1467394
            ],
            [
              106.1518728,
              21.1462003
            ],
            [
              106.1519257,
              21.1458559
            ],
            [
              106.1521172,
              21.1448403
            ],
            [
              106.152222,
              21.1442664
            ],
            [
              106.152248,
              21.144102
            ],
            [
              106.1528579,
              21.1439625
            ],
            [
              106.1542823,
              21.1436454
            ],
            [
              106.1541883,
              21.1432322
            ],
            [
              106.1539774,
              21.1427345
            ],
            [
              106.1543062,
              21.1426188
            ],
            [
              106.1553096,
              21.142149
            ],
            [
              106.1559919,
              21.1418136
            ],
            [
              106.1563629,
              21.1415443
            ],
            [
              106.1566035,
              21.1412881
            ],
            [
              106.1568442,
              21.1410214
            ],
            [
              106.1576285,
              21.1412062
            ],
            [
              106.1578663,
              21.1405434
            ],
            [
              106.1578437,
              21.1402239
            ],
            [
              106.1578323,
              21.139804
            ],
            [
              106.1581296,
              21.1397459
            ],
            [
              106.1584581,
              21.1361121
            ],
            [
              106.1616207,
              21.1363154
            ],
            [
              106.1614593,
              21.1374087
            ],
            [
              106.1633818,
              21.1376966
            ],
            [
              106.1635092,
              21.1373612
            ],
            [
              106.1641208,
              21.1374457
            ],
            [
              106.1642114,
              21.1371314
            ],
            [
              106.1669351,
              21.1375091
            ],
            [
              106.1681243,
              21.1364897
            ],
            [
              106.170061,
              21.1348154
            ],
            [
              106.1732604,
              21.1353013
            ],
            [
              106.1737474,
              21.1344325
            ],
            [
              106.1737785,
              21.133965
            ],
            [
              106.1741268,
              21.1338541
            ],
            [
              106.1742344,
              21.1339518
            ],
            [
              106.1754009,
              21.1337643
            ],
            [
              106.1752452,
              21.1330645
            ],
            [
              106.1756642,
              21.1330724
            ],
            [
              106.1760917,
              21.1336349
            ],
            [
              106.1772513,
              21.1331063
            ],
            [
              106.1772384,
              21.1330723
            ],
            [
              106.1773285,
              21.1329021
            ],
            [
              106.1773865,
              21.1328161
            ],
            [
              106.1773796,
              21.1327904
            ],
            [
              106.1771393,
              21.1315455
            ],
            [
              106.1771564,
              21.1314735
            ],
            [
              106.1771993,
              21.130833
            ],
            [
              106.1773606,
              21.1298914
            ],
            [
              106.1793151,
              21.1303967
            ],
            [
              106.1793151,
              21.1292878
            ],
            [
              106.1795082,
              21.1292398
            ],
            [
              106.1795468,
              21.1297882
            ],
            [
              106.1795983,
              21.1300244
            ],
            [
              106.1795125,
              21.1304807
            ],
            [
              106.1794181,
              21.1309611
            ],
            [
              106.1792378,
              21.1315215
            ],
            [
              106.1799373,
              21.1315895
            ],
            [
              106.1800296,
              21.1319078
            ],
            [
              106.1802163,
              21.132186
            ],
            [
              106.1808171,
              21.1320779
            ],
            [
              106.1812583,
              21.1319774
            ],
            [
              106.1813364,
              21.1323581
            ],
            [
              106.1817569,
              21.1326864
            ],
            [
              106.182126,
              21.1329826
            ],
            [
              106.1823406,
              21.1333789
            ],
            [
              106.1827182,
              21.1342195
            ],
            [
              106.1831474,
              21.1347238
            ],
            [
              106.1833791,
              21.1351081
            ],
            [
              106.1838169,
              21.1359087
            ],
            [
              106.1840744,
              21.1362009
            ],
            [
              106.1844907,
              21.136313
            ],
            [
              106.1861086,
              21.1365811
            ],
            [
              106.1865763,
              21.1366332
            ],
            [
              106.1874132,
              21.1367933
            ],
            [
              106.1879453,
              21.1368733
            ],
            [
              106.188353,
              21.1368253
            ],
            [
              106.1885848,
              21.1367493
            ],
            [
              106.188765,
              21.1367493
            ],
            [
              106.1889839,
              21.1368293
            ],
            [
              106.1891384,
              21.1368974
            ],
            [
              106.1892671,
              21.1369774
            ],
            [
              106.1894173,
              21.1370134
            ],
            [
              106.1896834,
              21.1370975
            ],
            [
              106.1898808,
              21.1372096
            ],
            [
              106.1900739,
              21.1372536
            ],
            [
              106.1904516,
              21.1372376
            ],
            [
              106.1907434,
              21.1371535
            ],
            [
              106.190988,
              21.1370575
            ],
            [
              106.191194,
              21.1369654
            ],
            [
              106.1914344,
              21.1368613
            ],
            [
              106.1916146,
              21.1368613
            ],
            [
              106.1919622,
              21.1369374
            ],
            [
              106.1921596,
              21.1369414
            ],
            [
              106.1925673,
              21.1369654
            ],
            [
              106.1929021,
              21.1371295
            ],
            [
              106.1932883,
              21.1375298
            ],
            [
              106.1934857,
              21.1378981
            ],
            [
              106.1935544,
              21.1382143
            ],
            [
              106.1936016,
              21.1386426
            ],
            [
              106.1935887,
              21.1388667
            ],
            [
              106.1936445,
              21.1389788
            ],
            [
              106.1938076,
              21.1390909
            ],
            [
              106.1940264,
              21.1391189
            ],
            [
              106.1942839,
              21.1389908
            ],
            [
              106.1945286,
              21.1389028
            ],
            [
              106.1947689,
              21.1387947
            ],
            [
              106.1948387,
              21.139016
            ],
            [
              106.1949388,
              21.1393333
            ],
            [
              106.1950645,
              21.1397311
            ],
            [
              106.1951903,
              21.1400529
            ],
            [
              106.195385,
              21.1404828
            ],
            [
              106.1954417,
              21.1404414
            ],
            [
              106.1956512,
              21.1401472
            ],
            [
              106.1958139,
              21.1401311
            ],
            [
              106.1960086,
              21.1401794
            ],
            [
              106.1960061,
              21.1403035
            ],
            [
              106.1959667,
              21.1404391
            ],
            [
              106.195979,
              21.1405748
            ],
            [
              106.1960899,
              21.1407127
            ],
            [
              106.1962082,
              21.1408047
            ],
            [
              106.196297,
              21.1408599
            ],
            [
              106.1962033,
              21.1410369
            ],
            [
              106.196186,
              21.1411058
            ],
            [
              106.1961811,
              21.1411909
            ],
            [
              106.1961515,
              21.1413265
            ],
            [
              106.1960924,
              21.14143
            ],
            [
              106.1960283,
              21.1414691
            ],
            [
              106.1959026,
              21.141499
            ],
            [
              106.1958237,
              21.1415151
            ],
            [
              106.1960737,
              21.1420829
            ],
            [
              106.1970251,
              21.14428
            ],
            [
              106.1959491,
              21.1448451
            ],
            [
              106.1963852,
              21.1456374
            ],
            [
              106.1952187,
              21.1464032
            ],
            [
              106.1910396,
              21.1492868
            ],
            [
              106.1891312,
              21.1506177
            ],
            [
              106.1862915,
              21.1524661
            ],
            [
              106.1863078,
              21.1525662
            ],
            [
              106.1863696,
              21.1527573
            ],
            [
              106.1864411,
              21.1528999
            ],
            [
              106.1865192,
              21.1530182
            ],
            [
              106.1877787,
              21.1550661
            ],
            [
              106.1882815,
              21.1558845
            ],
            [
              106.1886069,
              21.1558293
            ],
            [
              106.1888731,
              21.1568637
            ],
            [
              106.1881751,
              21.1570537
            ],
            [
              106.1884291,
              21.1579755
            ],
            [
              106.1885559,
              21.1582485
            ],
            [
              106.1899219,
              21.1606143
            ],
            [
              106.1906407,
              21.1602685
            ],
            [
              106.1908651,
              21.1607508
            ],
            [
              106.1917075,
              21.1620671
            ],
            [
              106.1923222,
              21.1629862
            ],
            [
              106.1925206,
              21.1633016
            ],
            [
              106.1935321,
              21.1629528
            ],
            [
              106.1941728,
              21.1631712
            ],
            [
              106.1941923,
              21.163341
            ],
            [
              106.1942346,
              21.1635351
            ],
            [
              106.1942996,
              21.1636716
            ],
            [
              106.1943419,
              21.1637808
            ],
            [
              106.1944297,
              21.163987
            ],
            [
              106.1944655,
              21.1641842
            ],
            [
              106.1943972,
              21.1643419
            ],
            [
              106.1942931,
              21.1644481
            ],
            [
              106.1943549,
              21.1646695
            ],
            [
              106.1943484,
              21.1648909
            ],
            [
              106.1943094,
              21.1652124
            ],
            [
              106.1949696,
              21.1651638
            ],
            [
              106.1951323,
              21.1651335
            ],
            [
              106.1952363,
              21.165088
            ],
            [
              106.1953469,
              21.1650274
            ],
            [
              106.1967617,
              21.1650668
            ],
            [
              106.1972593,
              21.1651002
            ],
            [
              106.1972561,
              21.1660222
            ],
            [
              106.1972495,
              21.1667107
            ],
            [
              106.1969015,
              21.1666015
            ],
            [
              106.196895,
              21.1667289
            ],
            [
              106.1970512,
              21.1667471
            ],
            [
              106.1972918,
              21.1668077
            ],
            [
              106.1973439,
              21.1668471
            ],
            [
              106.1973504,
              21.1670322
            ],
            [
              106.1973406,
              21.1671262
            ],
            [
              106.197513,
              21.1671262
            ],
            [
              106.197513,
              21.1673506
            ],
            [
              106.1975813,
              21.1678632
            ],
            [
              106.1977016,
              21.1687003
            ],
            [
              106.1978512,
              21.1686851
            ],
            [
              106.1979423,
              21.1691795
            ],
            [
              106.1977602,
              21.1692037
            ],
            [
              106.1975715,
              21.1692401
            ],
            [
              106.1974675,
              21.1692856
            ],
            [
              106.1975293,
              21.1693978
            ],
            [
              106.1976919,
              21.1693918
            ],
            [
              106.1977439,
              21.16951
            ],
            [
              106.198183,
              21.1694524
            ],
            [
              106.1983293,
              21.1696799
            ],
            [
              106.1984822,
              21.1700438
            ],
            [
              106.1987099,
              21.169971
            ],
            [
              106.1987424,
              21.170062
            ],
            [
              106.1988562,
              21.1700317
            ],
            [
              106.1991392,
              21.1707839
            ],
            [
              106.1993701,
              21.1707262
            ],
            [
              106.1994742,
              21.1706898
            ],
            [
              106.1995327,
              21.1706929
            ],
            [
              106.2001279,
              21.1710811
            ],
            [
              106.2015492,
              21.1707475
            ],
            [
              106.2021151,
              21.1711508
            ],
            [
              106.2027428,
              21.1715815
            ],
            [
              106.202938,
              21.1717483
            ],
            [
              106.2066131,
              21.1708172
            ],
            [
              106.2070782,
              21.170705
            ],
            [
              106.2071986,
              21.1703684
            ],
            [
              106.2074165,
              21.1704381
            ],
            [
              106.2075888,
              21.1700317
            ],
            [
              106.2076734,
              21.1700529
            ],
            [
              106.2078035,
              21.1698497
            ],
            [
              106.2082296,
              21.1700287
            ],
            [
              106.2086488,
              21.1703631
            ],
            [
              106.2167063,
              21.167844
            ],
            [
              106.217187,
              21.1684054
            ],
            [
              106.217684,
              21.1689307
            ],
            [
              106.2182089,
              21.1694306
            ],
            [
              106.221001,
              21.1719303
            ],
            [
              106.221215,
              21.172156
            ],
            [
              106.2214784,
              21.1725342
            ],
            [
              106.2216637,
              21.1729395
            ],
            [
              106.2217687,
              21.1733482
            ],
            [
              106.2218021,
              21.1739125
            ],
            [
              106.2217605,
              21.174345
            ],
            [
              106.2216507,
              21.1747676
            ],
            [
              106.2215435,
              21.175032
            ],
            [
              106.2214102,
              21.1752848
            ],
            [
              106.2212136,
              21.1755517
            ],
            [
              106.220808,
              21.1759477
            ],
            [
              106.2205039,
              21.1761778
            ],
            [
              106.2201763,
              21.1763777
            ],
            [
              106.219641,
              21.1766197
            ],
            [
              106.2190726,
              21.1767825
            ],
            [
              106.2184467,
              21.1768557
            ],
            [
              106.2177961,
              21.1768606
            ],
            [
              106.2171053,
              21.1767964
            ],
            [
              106.2166367,
              21.1767091
            ],
            [
              106.2142452,
              21.1761751
            ],
            [
              106.2137604,
              21.1761079
            ],
            [
              106.2133247,
              21.1760765
            ],
            [
              106.2126695,
              21.1760822
            ],
            [
              106.2115218,
              21.1761907
            ],
            [
              106.2105621,
              21.1763516
            ],
            [
              106.2086307,
              21.1769266
            ],
            [
              106.2046729,
              21.1785527
            ],
            [
              106.2036427,
              21.1791747
            ],
            [
              106.2002177,
              21.1808632
            ],
            [
              106.1987784,
              21.1815777
            ],
            [
              106.1977927,
              21.1819285
            ],
            [
              106.1976028,
              21.1819726
            ],
            [
              106.1958931,
              21.1821537
            ],
            [
              106.1938366,
              21.1820513
            ],
            [
              106.1913337,
              21.1818296
            ],
            [
              106.1899023,
              21.1814925
            ],
            [
              106.1887076,
              21.1809177
            ],
            [
              106.1877709,
              21.1801619
            ],
            [
              106.1874316,
              21.1796409
            ],
            [
              106.1871486,
              21.1791718
            ],
            [
              106.1870343,
              21.1787443
            ],
            [
              106.1868827,
              21.1781529
            ],
            [
              106.1866947,
              21.1774445
            ],
            [
              106.1863808,
              21.1769841
            ],
            [
              106.1858993,
              21.1766158
            ],
            [
              106.1855027,
              21.1763755
            ],
            [
              106.1850955,
              21.1762546
            ],
            [
              106.1845459,
              21.1761939
            ],
            [
              106.1833418,
              21.1761771
            ],
            [
              106.1822,
              21.1761841
            ],
            [
              106.1806192,
              21.1763673
            ],
            [
              106.1790329,
              21.1768333
            ],
            [
              106.1777357,
              21.1774115
            ],
            [
              106.1760294,
              21.178395
            ],
            [
              106.1743755,
              21.1792122
            ],
            [
              106.1730361,
              21.1796699
            ],
            [
              106.1724162,
              21.180002
            ],
            [
              106.1713488,
              21.180831
            ],
            [
              106.1706618,
              21.1815636
            ],
            [
              106.1700822,
              21.1822704
            ],
            [
              106.1694368,
              21.1833611
            ],
            [
              106.1683627,
              21.1855167
            ],
            [
              106.1670321,
              21.1850003
            ],
            [
              106.1670265,
              21.1848836
            ],
            [
              106.1669742,
              21.1846571
            ],
            [
              106.1669592,
              21.1844673
            ],
            [
              106.1669947,
              21.1842844
            ],
            [
              106.1671535,
              21.1838211
            ],
            [
              106.1672208,
              21.1836852
            ],
            [
              106.1674645,
              21.1832454
            ],
            [
              106.1678213,
              21.182729
            ],
            [
              106.1679241,
              21.1825992
            ],
            [
              106.1680614,
              21.1824756
            ],
            [
              106.1681706,
              21.1824193
            ],
            [
              106.1682588,
              21.1823631
            ],
            [
              106.1673131,
              21.181608
            ],
            [
              106.1663221,
              21.1809005
            ],
            [
              106.1657785,
              21.1805282
            ],
            [
              106.1650763,
              21.1796148
            ],
            [
              106.1647592,
              21.1792399
            ],
            [
              106.1642779,
              21.1786062
            ],
            [
              106.1637909,
              21.1779568
            ],
            [
              106.1637399,
              21.1778855
            ],
            [
              106.1636408,
              21.1777825
            ],
            [
              106.1634738,
              21.1777429
            ],
            [
              106.1633492,
              21.1776558
            ],
            [
              106.1632897,
              21.1775608
            ],
            [
              106.1632161,
              21.1774472
            ],
            [
              106.1629896,
              21.1772677
            ],
            [
              106.162899,
              21.1772598
            ],
            [
              106.1628254,
              21.1772809
            ],
            [
              106.1627489,
              21.1772888
            ],
            [
              106.1626357,
              21.1771832
            ],
            [
              106.1624941,
              21.1770802
            ],
            [
              106.1624007,
              21.1770063
            ],
            [
              106.1623242,
              21.1769245
            ],
            [
              106.1622818,
              21.1768664
            ],
            [
              106.1623412,
              21.1767687
            ],
            [
              106.1621374,
              21.1766261
            ],
            [
              106.1619732,
              21.1767661
            ],
            [
              106.1617693,
              21.1765496
            ],
            [
              106.1609935,
              21.177302
            ],
            [
              106.1608661,
              21.1771938
            ],
            [
              106.1611407,
              21.1768717
            ],
            [
              106.1599657,
              21.175747
            ],
            [
              106.1586473,
              21.1768804
            ],
            [
              106.1568242,
              21.1741321
            ],
            [
              106.1547857,
              21.1750638
            ],
            [
              106.154003,
              21.1745256
            ],
            [
              106.1511624,
              21.1725166
            ],
            [
              106.1503502,
              21.1719052
            ],
            [
              106.1496576,
              21.171388
            ],
            [
              106.1488491,
              21.1707606
            ],
            [
              106.1482033,
              21.1702423
            ],
            [
              106.147841,
              21.1699917
            ],
            [
              106.1475657,
              21.1699147
            ]
          ]
        ]
      },
      "id": "relation/19377767"
    },
    {
      "type": "Feature",
      "properties": {
        "@id": "relation/19425634",
        "admin_level": "6",
        "boundary": "administrative",
        "name": "Phường Yên Phong",
        "name:en": "Yen Phong Ward",
        "name:lzh": "安豐社",
        "name:vi-Hani": "社安豐",
        "name:zh": "安豐社",
        "name:zh-Hans": "安丰社",
        "name:zh-Hant": "安豐社",
        "type": "boundary",
        "wikidata": "Q135180052",
        "wikipedia": "vi:Yên Phong, Bắc Ninh"
      },
      "geometry": {
        "type": "Polygon",
        "coordinates": [
          [
            [
              105.9373043,
              21.2097622
            ],
            [
              105.9378081,
              21.2090652
            ],
            [
              105.9398804,
              21.2056636
            ],
            [
              105.9404832,
              21.2040374
            ],
            [
              105.9364671,
              21.1948085
            ],
            [
              105.9351927,
              21.1908004
            ],
            [
              105.9371882,
              21.1891001
            ],
            [
              105.9378027,
              21.1888476
            ],
            [
              105.9385334,
              21.187985
            ],
            [
              105.9396137,
              21.1866079
            ],
            [
              105.9398781,
              21.1867645
            ],
            [
              105.9427829,
              21.1855938
            ],
            [
              105.9443135,
              21.1848656
            ],
            [
              105.9455632,
              21.1839205
            ],
            [
              105.9477618,
              21.1825618
            ],
            [
              105.9506961,
              21.1801834
            ],
            [
              105.9503349,
              21.179644
            ],
            [
              105.9527365,
              21.1778182
            ],
            [
              105.9521131,
              21.1767138
            ],
            [
              105.9527327,
              21.1767639
            ],
            [
              105.9520246,
              21.1754033
            ],
            [
              105.9562732,
              21.1752582
            ],
            [
              105.956124,
              21.1767934
            ],
            [
              105.9578789,
              21.1767527
            ],
            [
              105.9589487,
              21.1769491
            ],
            [
              105.9588082,
              21.1778848
            ],
            [
              105.9645271,
              21.1768563
            ],
            [
              105.9631901,
              21.1668622
            ],
            [
              105.9646727,
              21.1662576
            ],
            [
              105.9663521,
              21.1650078
            ],
            [
              105.9672967,
              21.1630031
            ],
            [
              105.9678605,
              21.1624295
            ],
            [
              105.9687958,
              21.1624929
            ],
            [
              105.9702337,
              21.1630786
            ],
            [
              105.9725145,
              21.1650831
            ],
            [
              105.9731939,
              21.1660877
            ],
            [
              105.9735226,
              21.168172
            ],
            [
              105.9735551,
              21.1706117
            ],
            [
              105.9736811,
              21.1708205
            ],
            [
              105.9770831,
              21.1713522
            ],
            [
              105.9781389,
              21.1723521
            ],
            [
              105.9791864,
              21.1732237
            ],
            [
              105.9801747,
              21.173405
            ],
            [
              105.9809332,
              21.1737822
            ],
            [
              105.9816046,
              21.1750801
            ],
            [
              105.9828605,
              21.1759926
            ],
            [
              105.9838996,
              21.177885
            ],
            [
              105.9849655,
              21.1782993
            ],
            [
              105.9875264,
              21.176779
            ],
            [
              105.9879826,
              21.1767964
            ],
            [
              105.9923778,
              21.17916
            ],
            [
              105.9939425,
              21.1808197
            ],
            [
              105.9965711,
              21.1819884
            ],
            [
              105.9983448,
              21.1832552
            ],
            [
              105.9987629,
              21.1837757
            ],
            [
              105.9990137,
              21.183936
            ],
            [
              105.9993638,
              21.1840022
            ],
            [
              106.0063522,
              21.1837836
            ],
            [
              106.0053636,
              21.1873809
            ],
            [
              106.006369,
              21.1874666
            ],
            [
              106.0059898,
              21.195657
            ],
            [
              106.0041509,
              21.1962324
            ],
            [
              106.0062015,
              21.2017414
            ],
            [
              106.0063151,
              21.2018075
            ],
            [
              106.0065629,
              21.2017832
            ],
            [
              106.0066389,
              21.2018082
            ],
            [
              106.0067872,
              21.2019573
            ],
            [
              106.0067581,
              21.2023817
            ],
            [
              106.0063414,
              21.2030151
            ],
            [
              106.0046149,
              21.2047871
            ],
            [
              106.0001872,
              21.2001086
            ],
            [
              105.9994291,
              21.1979381
            ],
            [
              105.9913841,
              21.198327
            ],
            [
              105.991385,
              21.2007777
            ],
            [
              105.9887702,
              21.2007253
            ],
            [
              105.988731,
              21.1990328
            ],
            [
              105.983685,
              21.1993893
            ],
            [
              105.9839878,
              21.2050201
            ],
            [
              105.983042,
              21.2051511
            ],
            [
              105.9836203,
              21.2092257
            ],
            [
              105.9803505,
              21.2111238
            ],
            [
              105.9801096,
              21.2125491
            ],
            [
              105.9817048,
              21.2153861
            ],
            [
              105.9797703,
              21.2180431
            ],
            [
              105.9790092,
              21.2206737
            ],
            [
              105.9794072,
              21.2220504
            ],
            [
              105.9781705,
              21.2236279
            ],
            [
              105.977922,
              21.22346
            ],
            [
              105.9777194,
              21.2233609
            ],
            [
              105.9775198,
              21.2232633
            ],
            [
              105.9770904,
              21.2231341
            ],
            [
              105.9767149,
              21.2230723
            ],
            [
              105.9760257,
              21.2230117
            ],
            [
              105.9754019,
              21.2230112
            ],
            [
              105.9745931,
              21.2230721
            ],
            [
              105.9739554,
              21.2231587
            ],
            [
              105.9733286,
              21.2232785
            ],
            [
              105.9727102,
              21.2234315
            ],
            [
              105.9712582,
              21.223868
            ],
            [
              105.9689204,
              21.2246472
            ],
            [
              105.9685707,
              21.2247818
            ],
            [
              105.9680861,
              21.2250336
            ],
            [
              105.9677988,
              21.2252259
            ],
            [
              105.9674048,
              21.2255567
            ],
            [
              105.9672187,
              21.2257688
            ],
            [
              105.9669994,
              21.2261249
            ],
            [
              105.9668971,
              21.2263806
            ],
            [
              105.9668316,
              21.2266454
            ],
            [
              105.9667614,
              21.2277511
            ],
            [
              105.9667118,
              21.2280261
            ],
            [
              105.966568,
              21.228422
            ],
            [
              105.9664355,
              21.228657
            ],
            [
              105.9662733,
              21.2288752
            ],
            [
              105.9655779,
              21.2295343
            ],
            [
              105.9651145,
              21.2298579
            ],
            [
              105.964598,
              21.2301083
            ],
            [
              105.9641046,
              21.2302946
            ],
            [
              105.9623865,
              21.226179
            ],
            [
              105.9634275,
              21.2257398
            ],
            [
              105.9628983,
              21.2246043
            ],
            [
              105.9628627,
              21.2238089
            ],
            [
              105.9630703,
              21.2232781
            ],
            [
              105.9590469,
              21.2173256
            ],
            [
              105.9583692,
              21.2168286
            ],
            [
              105.9579192,
              21.21524
            ],
            [
              105.9564543,
              21.2138609
            ],
            [
              105.9578557,
              21.2123429
            ],
            [
              105.9574972,
              21.2110784
            ],
            [
              105.955082,
              21.210988
            ],
            [
              105.954935,
              21.2129835
            ],
            [
              105.9539923,
              21.2143177
            ],
            [
              105.9534557,
              21.2165906
            ],
            [
              105.9511787,
              21.2183862
            ],
            [
              105.9343787,
              21.214514
            ],
            [
              105.9341418,
              21.214417
            ],
            [
              105.9339789,
              21.2142616
            ],
            [
              105.9339419,
              21.2140476
            ],
            [
              105.9343371,
              21.2125848
            ],
            [
              105.9365289,
              21.2108697
            ],
            [
              105.9373043,
              21.2097622
            ]
          ]
        ]
      },
      "id": "relation/19425634"
    },
    {
      "type": "Feature",
      "properties": {
        "@id": "relation/19425635",
        "admin_level": "6",
        "boundary": "administrative",
        "name": "Phường Tiên Du",
        "name:en": "Tien Du Ward",
        "name:lzh": "仙遊社",
        "name:vi-Hani": "社仙遊",
        "name:zh": "仙遊社",
        "name:zh-Hans": "仙游社",
        "name:zh-Hant": "仙遊社",
        "type": "boundary",
        "wikidata": "Q135153259",
        "wikipedia": "vi:Tiên Du"
      },
      "geometry": {
        "type": "Polygon",
        "coordinates": [
          [
            [
              106.0063522,
              21.1837836
            ],
            [
              105.9993638,
              21.1840022
            ],
            [
              105.9990137,
              21.183936
            ],
            [
              105.9987629,
              21.1837757
            ],
            [
              105.9983448,
              21.1832552
            ],
            [
              105.9965711,
              21.1819884
            ],
            [
              105.9939425,
              21.1808197
            ],
            [
              105.9923778,
              21.17916
            ],
            [
              105.9879826,
              21.1767964
            ],
            [
              105.9875264,
              21.176779
            ],
            [
              105.9849655,
              21.1782993
            ],
            [
              105.9838996,
              21.177885
            ],
            [
              105.9828605,
              21.1759926
            ],
            [
              105.9816046,
              21.1750801
            ],
            [
              105.9809332,
              21.1737822
            ],
            [
              105.9801747,
              21.173405
            ],
            [
              105.9791864,
              21.1732237
            ],
            [
              105.9781389,
              21.1723521
            ],
            [
              105.9770831,
              21.1713522
            ],
            [
              105.9736811,
              21.1708205
            ],
            [
              105.9735551,
              21.1706117
            ],
            [
              105.9735226,
              21.168172
            ],
            [
              105.9731939,
              21.1660877
            ],
            [
              105.9725145,
              21.1650831
            ],
            [
              105.9702337,
              21.1630786
            ],
            [
              105.9687958,
              21.1624929
            ],
            [
              105.9704431,
              21.161848
            ],
            [
              105.9715071,
              21.161582
            ],
            [
              105.9723501,
              21.1614
            ],
            [
              105.9725421,
              21.161929
            ],
            [
              105.9734551,
              21.162309
            ],
            [
              105.9736551,
              21.16234
            ],
            [
              105.9737101,
              21.162309
            ],
            [
              105.9738321,
              21.162277
            ],
            [
              105.9740651,
              21.162349
            ],
            [
              105.9746221,
              21.162553
            ],
            [
              105.9748441,
              21.162615
            ],
            [
              105.9750331,
              21.162613
            ],
            [
              105.9752331,
              21.162591
            ],
            [
              105.9753881,
              21.162528
            ],
            [
              105.9755211,
              21.162475
            ],
            [
              105.9756211,
              21.162496
            ],
            [
              105.9757101,
              21.162651
            ],
            [
              105.9757011,
              21.162849
            ],
            [
              105.9757241,
              21.162994
            ],
            [
              105.9757911,
              21.163108
            ],
            [
              105.9761031,
              21.163221
            ],
            [
              105.9770141,
              21.163341
            ],
            [
              105.9776351,
              21.163254
            ],
            [
              105.9784101,
              21.16301
            ],
            [
              105.9787551,
              21.162924
            ],
            [
              105.9791881,
              21.162922
            ],
            [
              105.9795551,
              21.163034
            ],
            [
              105.9799671,
              21.163272
            ],
            [
              105.9800901,
              21.163292
            ],
            [
              105.9803891,
              21.16329
            ],
            [
              105.9811331,
              21.163243
            ],
            [
              105.9832971,
              21.163138
            ],
            [
              105.9846731,
              21.163088
            ],
            [
              105.9851941,
              21.163001
            ],
            [
              105.9854491,
              21.162916
            ],
            [
              105.9856921,
              21.16277
            ],
            [
              105.9858801,
              21.162675
            ],
            [
              105.9861131,
              21.162612
            ],
            [
              105.9885001,
              21.16267
            ],
            [
              105.9896661,
              21.162756
            ],
            [
              105.9902441,
              21.162753
            ],
            [
              105.9895681,
              21.1617284
            ],
            [
              105.9910812,
              21.1616681
            ],
            [
              105.991202,
              21.162151
            ],
            [
              105.9914301,
              21.1620952
            ],
            [
              105.9924651,
              21.161913
            ],
            [
              105.9936811,
              21.16169
            ],
            [
              105.9948461,
              21.161229
            ],
            [
              105.9956621,
              21.160585
            ],
            [
              105.9960761,
              21.160226
            ],
            [
              105.9963401,
              21.159955
            ],
            [
              105.9962671,
              21.159349
            ],
            [
              105.9996221,
              21.1563819
            ],
            [
              106.0001101,
              21.1567689
            ],
            [
              106.0001971,
              21.156834
            ],
            [
              106.0010934,
              21.1561654
            ],
            [
              106.0016061,
              21.1557849
            ],
            [
              106.0018932,
              21.1556151
            ],
            [
              106.0022233,
              21.1554837
            ],
            [
              106.0053115,
              21.1542643
            ],
            [
              106.0049881,
              21.1513549
            ],
            [
              106.0048173,
              21.1504154
            ],
            [
              106.0055853,
              21.1502074
            ],
            [
              106.0055181,
              21.1498466
            ],
            [
              106.0047815,
              21.1459039
            ],
            [
              106.0007501,
              21.1476679
            ],
            [
              105.9999671,
              21.1453349
            ],
            [
              105.9993931,
              21.1454589
            ],
            [
              105.9992381,
              21.1446599
            ],
            [
              105.9986241,
              21.1420669
            ],
            [
              105.9977061,
              21.1419139
            ],
            [
              105.9978051,
              21.1407549
            ],
            [
              105.9986571,
              21.1405899
            ],
            [
              105.9986991,
              21.1405099
            ],
            [
              105.9986981,
              21.1404299
            ],
            [
              105.9986551,
              21.1403309
            ],
            [
              105.9984401,
              21.1401319
            ],
            [
              105.9984451,
              21.1391669
            ],
            [
              105.9986791,
              21.1391259
            ],
            [
              105.9986741,
              21.1384659
            ],
            [
              105.9980971,
              21.1381899
            ],
            [
              105.9989031,
              21.1376259
            ],
            [
              105.9988381,
              21.1374659
            ],
            [
              105.9986031,
              21.1372669
            ],
            [
              105.9986421,
              21.1367869
            ],
            [
              105.9990471,
              21.1367049
            ],
            [
              105.9991771,
              21.1361919
            ],
            [
              105.9987471,
              21.1360249
            ],
            [
              105.9961341,
              21.1349559
            ],
            [
              105.9962571,
              21.1340049
            ],
            [
              105.9959151,
              21.1339269
            ],
            [
              105.9961641,
              21.1329269
            ],
            [
              105.996455,
              21.131703
            ],
            [
              105.9968123,
              21.1301996
            ],
            [
              105.9992286,
              21.1306424
            ],
            [
              105.9995986,
              21.1289742
            ],
            [
              105.999634,
              21.1288535
            ],
            [
              106.005649,
              21.1301731
            ],
            [
              106.0082756,
              21.1278718
            ],
            [
              106.0094077,
              21.1278443
            ],
            [
              106.0134812,
              21.1280365
            ],
            [
              106.01523,
              21.1292342
            ],
            [
              106.0186911,
              21.1316047
            ],
            [
              106.0199253,
              21.1320139
            ],
            [
              106.0208884,
              21.1327439
            ],
            [
              106.0210695,
              21.1327886
            ],
            [
              106.0220935,
              21.1322406
            ],
            [
              106.0233565,
              21.1331474
            ],
            [
              106.0222862,
              21.1355506
            ],
            [
              106.0321048,
              21.1402044
            ],
            [
              106.0312899,
              21.1424137
            ],
            [
              106.036253,
              21.144671
            ],
            [
              106.0360757,
              21.1450451
            ],
            [
              106.0368245,
              21.1453459
            ],
            [
              106.0392927,
              21.1470585
            ],
            [
              106.0388078,
              21.1475404
            ],
            [
              106.0368891,
              21.1488997
            ],
            [
              106.035551,
              21.1489189
            ],
            [
              106.0343432,
              21.1488888
            ],
            [
              106.0333478,
              21.149313
            ],
            [
              106.0333892,
              21.1497352
            ],
            [
              106.0348592,
              21.1532612
            ],
            [
              106.0351312,
              21.1538862
            ],
            [
              106.0347175,
              21.1544924
            ],
            [
              106.0333231,
              21.1554028
            ],
            [
              106.0329297,
              21.1549666
            ],
            [
              106.032349,
              21.1553387
            ],
            [
              106.0308914,
              21.1566082
            ],
            [
              106.0303851,
              21.1570491
            ],
            [
              106.026393,
              21.1606276
            ],
            [
              106.0260426,
              21.1610952
            ],
            [
              106.0248019,
              21.1627722
            ],
            [
              106.027236,
              21.1639307
            ],
            [
              106.0262272,
              21.1657298
            ],
            [
              106.0266604,
              21.1659871
            ],
            [
              106.0269625,
              21.1672395
            ],
            [
              106.0274452,
              21.1680937
            ],
            [
              106.0281261,
              21.1685057
            ],
            [
              106.0276593,
              21.1689028
            ],
            [
              106.0276039,
              21.1690109
            ],
            [
              106.0273978,
              21.1694128
            ],
            [
              106.0271957,
              21.1699633
            ],
            [
              106.0270434,
              21.1704516
            ],
            [
              106.0269293,
              21.1707401
            ],
            [
              106.0267911,
              21.1709604
            ],
            [
              106.0265083,
              21.1711883
            ],
            [
              106.0260606,
              21.1715107
            ],
            [
              106.025458,
              21.1718762
            ],
            [
              106.0240332,
              21.1724729
            ],
            [
              106.0218863,
              21.1730698
            ],
            [
              106.0213695,
              21.1733151
            ],
            [
              106.020158,
              21.1742792
            ],
            [
              106.0189146,
              21.1748548
            ],
            [
              106.018459,
              21.1754894
            ],
            [
              106.0174856,
              21.1783634
            ],
            [
              106.0171924,
              21.1787404
            ],
            [
              106.0166932,
              21.1788751
            ],
            [
              106.0138571,
              21.1782948
            ],
            [
              106.0130051,
              21.1782797
            ],
            [
              106.012168,
              21.1784933
            ],
            [
              106.0107293,
              21.1794009
            ],
            [
              106.0103682,
              21.1798787
            ],
            [
              106.0100584,
              21.1802886
            ],
            [
              106.0088816,
              21.1818458
            ],
            [
              106.0072936,
              21.1834142
            ],
            [
              106.0063522,
              21.1837836
            ]
          ]
        ]
      },
      "id": "relation/19425635"
    },
    {
      "type": "Feature",
      "properties": {
        "@id": "relation/19425636",
        "admin_level": "6",
        "boundary": "administrative",
        "name": "Phường Thuận Thành",
        "name:en": "Thuan Thanh Ward",
        "name:lzh": "順成社",
        "name:vi-Hani": "社順成",
        "name:zh": "順成社",
        "name:zh-Hans": "顺成社",
        "name:zh-Hant": "順成社",
        "population": "52318",
        "population:date": "2025-07-01",
        "source:population": "gis.vn",
        "type": "boundary",
        "wikidata": "Q134980520",
        "wikipedia": "vi:Thuận Thành"
      },
      "geometry": {
        "type": "Polygon",
        "coordinates": [
          [
            [
              106.0587542,
              21.0270812
            ],
            [
              106.0713822,
              21.0211936
            ],
            [
              106.0725177,
              21.0233448
            ],
            [
              106.0731585,
              21.0231147
            ],
            [
              106.0733557,
              21.0233793
            ],
            [
              106.0747114,
              21.0236899
            ],
            [
              106.0746374,
              21.024012
            ],
            [
              106.0749702,
              21.024104
            ],
            [
              106.0758452,
              21.0232182
            ],
            [
              106.0772255,
              21.0226545
            ],
            [
              106.077509,
              21.0235864
            ],
            [
              106.078215,
              21.0242871
            ],
            [
              106.0785956,
              21.0245856
            ],
            [
              106.0812528,
              21.0236046
            ],
            [
              106.0817775,
              21.023561
            ],
            [
              106.0822632,
              21.0233866
            ],
            [
              106.0825994,
              21.0231251
            ],
            [
              106.0828656,
              21.0228626
            ],
            [
              106.0830945,
              21.0226369
            ],
            [
              106.0833747,
              21.0224974
            ],
            [
              106.0833186,
              21.0221835
            ],
            [
              106.0842246,
              21.0218261
            ],
            [
              106.0839818,
              21.021146
            ],
            [
              106.0846075,
              21.0208583
            ],
            [
              106.0846075,
              21.0206752
            ],
            [
              106.0884182,
              21.0193326
            ],
            [
              106.0901088,
              21.0185566
            ],
            [
              106.0903143,
              21.0190449
            ],
            [
              106.0907252,
              21.0188269
            ],
            [
              106.0908747,
              21.0191321
            ],
            [
              106.0913136,
              21.0189315
            ],
            [
              106.0919674,
              21.0197772
            ],
            [
              106.0938371,
              21.0217998
            ],
            [
              106.093683,
              21.0218567
            ],
            [
              106.094387,
              21.0238646
            ],
            [
              106.0947585,
              21.0244122
            ],
            [
              106.0953452,
              21.0242297
            ],
            [
              106.0976527,
              21.0272414
            ],
            [
              106.0959792,
              21.0287406
            ],
            [
              106.0970237,
              21.0292647
            ],
            [
              106.0969563,
              21.0294954
            ],
            [
              106.0972596,
              21.0296212
            ],
            [
              106.0972596,
              21.0298413
            ],
            [
              106.0975628,
              21.0300405
            ],
            [
              106.0974505,
              21.0302607
            ],
            [
              106.0981132,
              21.0307639
            ],
            [
              106.0972034,
              21.0314662
            ],
            [
              106.0967185,
              21.0316619
            ],
            [
              106.0971271,
              21.0319002
            ],
            [
              106.0934329,
              21.0351893
            ],
            [
              106.0955779,
              21.035809
            ],
            [
              106.0954587,
              21.0360474
            ],
            [
              106.0981315,
              21.0379064
            ],
            [
              106.1010425,
              21.0376522
            ],
            [
              106.1014341,
              21.0392093
            ],
            [
              106.1014431,
              21.0396586
            ],
            [
              106.101962,
              21.0397586
            ],
            [
              106.1012725,
              21.0429766
            ],
            [
              106.1024717,
              21.0443296
            ],
            [
              106.1021451,
              21.0445713
            ],
            [
              106.1023628,
              21.0451762
            ],
            [
              106.102406,
              21.0455907
            ],
            [
              106.1021564,
              21.0456034
            ],
            [
              106.1021567,
              21.0462716
            ],
            [
              106.101974,
              21.046905
            ],
            [
              106.1017913,
              21.0473191
            ],
            [
              106.1007603,
              21.0483056
            ],
            [
              106.1002644,
              21.0488903
            ],
            [
              106.098372,
              21.0548704
            ],
            [
              106.0976474,
              21.0547713
            ],
            [
              106.0967953,
              21.0574537
            ],
            [
              106.0969316,
              21.0575174
            ],
            [
              106.0972724,
              21.0589699
            ],
            [
              106.0973974,
              21.0590017
            ],
            [
              106.0971361,
              21.0600513
            ],
            [
              106.0992606,
              21.0607086
            ],
            [
              106.0992493,
              21.0610903
            ],
            [
              106.0995106,
              21.0612176
            ],
            [
              106.0993515,
              21.0617583
            ],
            [
              106.1001014,
              21.0619809
            ],
            [
              106.0985903,
              21.0657976
            ],
            [
              106.0982609,
              21.0658824
            ],
            [
              106.098329,
              21.0666457
            ],
            [
              106.0981927,
              21.0666669
            ],
            [
              106.098204,
              21.0668366
            ],
            [
              106.0980791,
              21.0668684
            ],
            [
              106.0979087,
              21.0674727
            ],
            [
              106.0958637,
              21.0669002
            ],
            [
              106.0945897,
              21.0711011
            ],
            [
              106.0930749,
              21.0703612
            ],
            [
              106.0906626,
              21.069699
            ],
            [
              106.0890757,
              21.0697552
            ],
            [
              106.0878187,
              21.0699717
            ],
            [
              106.0834842,
              21.0733691
            ],
            [
              106.0805673,
              21.0778521
            ],
            [
              106.0748822,
              21.0817654
            ],
            [
              106.0733648,
              21.0820331
            ],
            [
              106.071964,
              21.0823227
            ],
            [
              106.0681404,
              21.0827996
            ],
            [
              106.0659094,
              21.0829369
            ],
            [
              106.0647804,
              21.0829009
            ],
            [
              106.0631628,
              21.0826847
            ],
            [
              106.059067,
              21.0811946
            ],
            [
              106.0432654,
              21.0712581
            ],
            [
              106.0414414,
              21.0709744
            ],
            [
              106.0435059,
              21.068236
            ],
            [
              106.0437848,
              21.0680357
            ],
            [
              106.0440745,
              21.0659133
            ],
            [
              106.0451565,
              21.065872
            ],
            [
              106.0451321,
              21.0639599
            ],
            [
              106.0465225,
              21.0638992
            ],
            [
              106.0481325,
              21.0592631
            ],
            [
              106.0515637,
              21.059817
            ],
            [
              106.0512629,
              21.057442
            ],
            [
              106.0668987,
              21.0565275
            ],
            [
              106.0667805,
              21.0557218
            ],
            [
              106.0671628,
              21.0556492
            ],
            [
              106.0672194,
              21.0557681
            ],
            [
              106.0675379,
              21.0556293
            ],
            [
              106.0674813,
              21.0549754
            ],
            [
              106.0689664,
              21.0549928
            ],
            [
              106.0666173,
              21.0454967
            ],
            [
              106.0655759,
              21.045816
            ],
            [
              106.0655901,
              21.0425657
            ],
            [
              106.0625888,
              21.0409802
            ],
            [
              106.0627021,
              21.0352457
            ],
            [
              106.0592903,
              21.0355849
            ],
            [
              106.05958,
              21.0345835
            ],
            [
              106.0597517,
              21.0346336
            ],
            [
              106.0599126,
              21.0340428
            ],
            [
              106.0595049,
              21.0339026
            ],
            [
              106.0596468,
              21.0334998
            ],
            [
              106.0594882,
              21.0333975
            ],
            [
              106.0595359,
              21.0332729
            ],
            [
              106.0586228,
              21.0327835
            ],
            [
              106.0577622,
              21.0317044
            ],
            [
              106.0564962,
              21.0325156
            ],
            [
              106.0557344,
              21.0318647
            ],
            [
              106.0555854,
              21.031942
            ],
            [
              106.053561,
              21.0294578
            ],
            [
              106.0587542,
              21.0270812
            ]
          ]
        ]
      },
      "id": "relation/19425636"
    },
    {
      "type": "Feature",
      "properties": {
        "@id": "relation/19425637",
        "admin_level": "6",
        "boundary": "administrative",
        "name": "Phường Lương Tài",
        "name:en": "Luong Tai Ward",
        "name:lzh": "良才坊",
        "name:vi-Hani": "坊良才",
        "name:zh": "良才坊",
        "name:zh-Hans": "良才坊",
        "name:zh-Hant": "良才坊",
        "type": "boundary",
        "wikidata": "Q135145614",
        "wikipedia": "vi:Lương Tài"
      },
      "geometry": {
        "type": "Polygon",
        "coordinates": [
          [
            [
              106.2348271,
              21.0299264
            ],
            [
              106.2349128,
              21.0304229
            ],
            [
              106.2356019,
              21.0305169
            ],
            [
              106.2362505,
              21.0308138
            ],
            [
              106.2376385,
              21.0309669
            ],
            [
              106.2377192,
              21.0336086
            ],
            [
              106.2425614,
              21.0335751
            ],
            [
              106.2432412,
              21.0349722
            ],
            [
              106.2483546,
              21.0350176
            ],
            [
              106.2481928,
              21.0360096
            ],
            [
              106.2481593,
              21.0374805
            ],
            [
              106.2480713,
              21.0383012
            ],
            [
              106.248404,
              21.0394444
            ],
            [
              106.2495867,
              21.0406713
            ],
            [
              106.2507515,
              21.0413915
            ],
            [
              106.2528143,
              21.0419168
            ],
            [
              106.254914,
              21.0418562
            ],
            [
              106.2628821,
              21.0418662
            ],
            [
              106.2638894,
              21.041743
            ],
            [
              106.2695172,
              21.0412274
            ],
            [
              106.2701734,
              21.0466127
            ],
            [
              106.2680962,
              21.0469821
            ],
            [
              106.2684204,
              21.0484225
            ],
            [
              106.2584977,
              21.0505047
            ],
            [
              106.2562638,
              21.051201
            ],
            [
              106.254125,
              21.0523114
            ],
            [
              106.2530674,
              21.0533786
            ],
            [
              106.2525586,
              21.054426
            ],
            [
              106.2524154,
              21.0558711
            ],
            [
              106.2527618,
              21.0579544
            ],
            [
              106.2537512,
              21.0591997
            ],
            [
              106.2553351,
              21.0598557
            ],
            [
              106.2570477,
              21.0603716
            ],
            [
              106.2568987,
              21.0608072
            ],
            [
              106.256258,
              21.0611054
            ],
            [
              106.2549766,
              21.0612662
            ],
            [
              106.2517122,
              21.0605891
            ],
            [
              106.2510999,
              21.0606722
            ],
            [
              106.2505899,
              21.061032
            ],
            [
              106.2499884,
              21.0621254
            ],
            [
              106.2495412,
              21.0625314
            ],
            [
              106.2482684,
              21.0629088
            ],
            [
              106.2471639,
              21.0628053
            ],
            [
              106.2461644,
              21.062376
            ],
            [
              106.2429825,
              21.059797
            ],
            [
              106.2402234,
              21.0564912
            ],
            [
              106.2394955,
              21.056055
            ],
            [
              106.2389346,
              21.0561599
            ],
            [
              106.2377779,
              21.0582824
            ],
            [
              106.237079,
              21.0584213
            ],
            [
              106.2361148,
              21.0581771
            ],
            [
              106.235788,
              21.0577236
            ],
            [
              106.2349819,
              21.0576828
            ],
            [
              106.2337786,
              21.0580121
            ],
            [
              106.2328938,
              21.0588162
            ],
            [
              106.2310348,
              21.0615215
            ],
            [
              106.2301532,
              21.0618156
            ],
            [
              106.229438,
              21.0615099
            ],
            [
              106.2276572,
              21.0614442
            ],
            [
              106.2263644,
              21.0613955
            ],
            [
              106.224764,
              21.0602657
            ],
            [
              106.2247569,
              21.0591691
            ],
            [
              106.2243917,
              21.0581684
            ],
            [
              106.2232173,
              21.0576841
            ],
            [
              106.2216312,
              21.0579071
            ],
            [
              106.221006,
              21.0576332
            ],
            [
              106.2205723,
              21.0569308
            ],
            [
              106.2207758,
              21.0557585
            ],
            [
              106.2206303,
              21.0552161
            ],
            [
              106.2200532,
              21.0550411
            ],
            [
              106.2190232,
              21.0551415
            ],
            [
              106.2167071,
              21.0558407
            ],
            [
              106.2158577,
              21.0558369
            ],
            [
              106.2155838,
              21.0555615
            ],
            [
              106.2161476,
              21.0539548
            ],
            [
              106.2161614,
              21.0539158
            ],
            [
              106.2161489,
              21.0533589
            ],
            [
              106.215773,
              21.0525454
            ],
            [
              106.2148255,
              21.0518427
            ],
            [
              106.2139016,
              21.0515354
            ],
            [
              106.2133951,
              21.0510891
            ],
            [
              106.2130057,
              21.050384
            ],
            [
              106.2144251,
              21.0493245
            ],
            [
              106.2145901,
              21.0491205
            ],
            [
              106.2148534,
              21.0482383
            ],
            [
              106.2148511,
              21.0479495
            ],
            [
              106.2145576,
              21.0476297
            ],
            [
              106.2143145,
              21.0470797
            ],
            [
              106.2140101,
              21.0460355
            ],
            [
              106.2138931,
              21.0455175
            ],
            [
              106.2138565,
              21.0435843
            ],
            [
              106.2136813,
              21.0431403
            ],
            [
              106.2137008,
              21.0424147
            ],
            [
              106.2139975,
              21.0417275
            ],
            [
              106.2139741,
              21.0398964
            ],
            [
              106.2138156,
              21.0394274
            ],
            [
              106.2126321,
              21.038138
            ],
            [
              106.2122219,
              21.0372712
            ],
            [
              106.2114895,
              21.0363887
            ],
            [
              106.211345,
              21.0355618
            ],
            [
              106.2113978,
              21.0350799
            ],
            [
              106.2105149,
              21.0339865
            ],
            [
              106.2102692,
              21.0337902
            ],
            [
              106.2101531,
              21.0341145
            ],
            [
              106.2093341,
              21.0348645
            ],
            [
              106.2091231,
              21.0347265
            ],
            [
              106.2089731,
              21.0347265
            ],
            [
              106.2086891,
              21.0348285
            ],
            [
              106.2085701,
              21.0349135
            ],
            [
              106.2084231,
              21.0353355
            ],
            [
              106.2082741,
              21.0354355
            ],
            [
              106.2076161,
              21.0355515
            ],
            [
              106.2072671,
              21.0351335
            ],
            [
              106.2072471,
              21.0344445
            ],
            [
              106.2068381,
              21.0340115
            ],
            [
              106.2063992,
              21.0336975
            ],
            [
              106.2053791,
              21.0337775
            ],
            [
              106.2054261,
              21.0361285
            ],
            [
              106.2035621,
              21.0365135
            ],
            [
              106.2035611,
              21.0375845
            ],
            [
              106.2021871,
              21.0375305
            ],
            [
              106.2018531,
              21.0394115
            ],
            [
              106.2012637,
              21.0411665
            ],
            [
              106.1968883,
              21.0384924
            ],
            [
              106.1962644,
              21.0383527
            ],
            [
              106.1956248,
              21.0384318
            ],
            [
              106.1936132,
              21.039123
            ],
            [
              106.1915359,
              21.0391089
            ],
            [
              106.1911907,
              21.0391065
            ],
            [
              106.1911676,
              21.0391033
            ],
            [
              106.1896991,
              21.0389002
            ],
            [
              106.1891753,
              21.0385007
            ],
            [
              106.1886329,
              21.0374264
            ],
            [
              106.1881732,
              21.0368509
            ],
            [
              106.1874947,
              21.0365946
            ],
            [
              106.1866283,
              21.036539
            ],
            [
              106.1860346,
              21.0366488
            ],
            [
              106.1854229,
              21.0370834
            ],
            [
              106.1847086,
              21.0372432
            ],
            [
              106.1805569,
              21.0371408
            ],
            [
              106.179987,
              21.036951
            ],
            [
              106.1789149,
              21.0360047
            ],
            [
              106.1776096,
              21.0357616
            ],
            [
              106.1774071,
              21.0329585
            ],
            [
              106.1814961,
              21.0329885
            ],
            [
              106.1815211,
              21.0336515
            ],
            [
              106.1824021,
              21.0337085
            ],
            [
              106.1836011,
              21.0336005
            ],
            [
              106.1835481,
              21.0330565
            ],
            [
              106.1840161,
              21.0329305
            ],
            [
              106.1847901,
              21.0328615
            ],
            [
              106.1847381,
              21.0323445
            ],
            [
              106.1847951,
              21.0322085
            ],
            [
              106.1850831,
              21.0319245
            ],
            [
              106.1851831,
              21.0311435
            ],
            [
              106.1851331,
              21.0309625
            ],
            [
              106.1850221,
              21.0309035
            ],
            [
              106.1846151,
              21.0308345
            ],
            [
              106.1844581,
              21.0305725
            ],
            [
              106.1841461,
              21.0303205
            ],
            [
              106.1834681,
              21.0302155
            ],
            [
              106.1832101,
              21.0294185
            ],
            [
              106.1845111,
              21.0288195
            ],
            [
              106.1844161,
              21.0283895
            ],
            [
              106.1838531,
              21.0269045
            ],
            [
              106.186943,
              21.0257531
            ],
            [
              106.1872151,
              21.0244264
            ],
            [
              106.1874731,
              21.0213644
            ],
            [
              106.1894957,
              21.0208157
            ],
            [
              106.1879965,
              21.0139444
            ],
            [
              106.1871474,
              21.0132758
            ],
            [
              106.1873084,
              21.0127616
            ],
            [
              106.187348,
              21.0121952
            ],
            [
              106.1865958,
              21.0120205
            ],
            [
              106.1868566,
              21.0075382
            ],
            [
              106.1876578,
              21.007548
            ],
            [
              106.1876529,
              21.004695
            ],
            [
              106.1902289,
              21.0044377
            ],
            [
              106.1901881,
              21.0033321
            ],
            [
              106.1927457,
              21.0026684
            ],
            [
              106.1927916,
              21.0035395
            ],
            [
              106.1956998,
              21.003028
            ],
            [
              106.1959049,
              21.0042688
            ],
            [
              106.196916,
              21.0042062
            ],
            [
              106.1969587,
              21.0044918
            ],
            [
              106.2024891,
              21.0052381
            ],
            [
              106.2030354,
              21.0022687
            ],
            [
              106.2044442,
              21.0021819
            ],
            [
              106.2066358,
              21.0052153
            ],
            [
              106.2061625,
              21.0053956
            ],
            [
              106.2071859,
              21.0071583
            ],
            [
              106.2075816,
              21.0080798
            ],
            [
              106.2057762,
              21.0091074
            ],
            [
              106.2036651,
              21.0106358
            ],
            [
              106.2076759,
              21.014148
            ],
            [
              106.207824,
              21.0161367
            ],
            [
              106.212328,
              21.0162773
            ],
            [
              106.2123466,
              21.0164381
            ],
            [
              106.212759,
              21.0164425
            ],
            [
              106.2127449,
              21.0167553
            ],
            [
              106.2137661,
              21.0164575
            ],
            [
              106.2146209,
              21.0161332
            ],
            [
              106.2147713,
              21.0160071
            ],
            [
              106.216833,
              21.0152467
            ],
            [
              106.2171591,
              21.0170001
            ],
            [
              106.2183342,
              21.0169457
            ],
            [
              106.2183312,
              21.0209105
            ],
            [
              106.223157,
              21.0244554
            ],
            [
              106.2288304,
              21.0259648
            ],
            [
              106.2287502,
              21.0286913
            ],
            [
              106.2323555,
              21.0288265
            ],
            [
              106.2322993,
              21.0304325
            ],
            [
              106.2342268,
              21.0305801
            ],
            [
              106.2341929,
              21.0299707
            ],
            [
              106.2345167,
              21.029886
            ],
            [
              106.2348271,
              21.0299264
            ]
          ]
        ]
      },
      "id": "relation/19425637"
    },
    {
      "type": "Feature",
      "properties": {
        "@id": "relation/19425638",
        "admin_level": "6",
        "boundary": "administrative",
        "name": "Phường Gia Bình",
        "name:en": "Gia Binh Ward",
        "name:lzh": "嘉平社",
        "name:vi-Hani": "社嘉平",
        "name:zh": "嘉平社",
        "name:zh-Hans": "嘉平社",
        "name:zh-Hant": "嘉平社",
        "type": "boundary",
        "wikidata": "Q10761323",
        "wikipedia": "vi:Gia Bình"
      },
      "geometry": {
        "type": "Polygon",
        "coordinates": [
          [
            [
              106.180911,
              21.0709146
            ],
            [
              106.178433,
              21.0638524
            ],
            [
              106.1762841,
              21.0638055
            ],
            [
              106.176154,
              21.0631036
            ],
            [
              106.1715367,
              21.0623424
            ],
            [
              106.1709461,
              21.0614322
            ],
            [
              106.1711946,
              21.0612142
            ],
            [
              106.1707634,
              21.0607616
            ],
            [
              106.1705596,
              21.0609242
            ],
            [
              106.1675251,
              21.058997
            ],
            [
              106.167752,
              21.058927
            ],
            [
              106.1662731,
              21.0545641
            ],
            [
              106.16726,
              21.0545608
            ],
            [
              106.1671145,
              21.0536318
            ],
            [
              106.1645069,
              21.0533078
            ],
            [
              106.1648094,
              21.0540174
            ],
            [
              106.162236,
              21.0553216
            ],
            [
              106.1620156,
              21.0553895
            ],
            [
              106.1611403,
              21.0560264
            ],
            [
              106.1608043,
              21.0552038
            ],
            [
              106.1596593,
              21.0558153
            ],
            [
              106.159412,
              21.0556753
            ],
            [
              106.1592297,
              21.055171
            ],
            [
              106.1559144,
              21.055108
            ],
            [
              106.1539687,
              21.0559751
            ],
            [
              106.1538853,
              21.056099
            ],
            [
              106.1536246,
              21.0561701
            ],
            [
              106.1536561,
              21.0566764
            ],
            [
              106.1535727,
              21.0568848
            ],
            [
              106.1490804,
              21.0584852
            ],
            [
              106.1488955,
              21.0581517
            ],
            [
              106.1440431,
              21.0600883
            ],
            [
              106.1422087,
              21.0590469
            ],
            [
              106.1443013,
              21.0527601
            ],
            [
              106.1443335,
              21.0519591
            ],
            [
              106.1438078,
              21.0517488
            ],
            [
              106.1414061,
              21.0516638
            ],
            [
              106.1416211,
              21.0501877
            ],
            [
              106.1416021,
              21.0499977
            ],
            [
              106.1414331,
              21.0498097
            ],
            [
              106.1408341,
              21.0493557
            ],
            [
              106.1407141,
              21.0491887
            ],
            [
              106.1406051,
              21.0489107
            ],
            [
              106.1406771,
              21.0475027
            ],
            [
              106.1406131,
              21.0436937
            ],
            [
              106.1405651,
              21.0436497
            ],
            [
              106.1390941,
              21.0444297
            ],
            [
              106.1391201,
              21.0416267
            ],
            [
              106.1392031,
              21.0415147
            ],
            [
              106.1405901,
              21.0406677
            ],
            [
              106.1401811,
              21.0400897
            ],
            [
              106.1391991,
              21.0393037
            ],
            [
              106.1381231,
              21.0389427
            ],
            [
              106.1376811,
              21.0386777
            ],
            [
              106.1371061,
              21.0382347
            ],
            [
              106.1369241,
              21.0379687
            ],
            [
              106.1368971,
              21.0375217
            ],
            [
              106.1371001,
              21.0366507
            ],
            [
              106.1372641,
              21.0362807
            ],
            [
              106.1375701,
              21.0358767
            ],
            [
              106.1377951,
              21.0356747
            ],
            [
              106.1379251,
              21.0354607
            ],
            [
              106.1380201,
              21.0347347
            ],
            [
              106.1379081,
              21.0341097
            ],
            [
              106.1371941,
              21.0325617
            ],
            [
              106.1366931,
              21.0316707
            ],
            [
              106.1371551,
              21.0313657
            ],
            [
              106.1369751,
              21.0311327
            ],
            [
              106.1373531,
              21.0307277
            ],
            [
              106.1375801,
              21.0308157
            ],
            [
              106.1377341,
              21.0307817
            ],
            [
              106.1384831,
              21.0297817
            ],
            [
              106.1382661,
              21.0294597
            ],
            [
              106.1398791,
              21.0285107
            ],
            [
              106.1402751,
              21.0289317
            ],
            [
              106.1407501,
              21.0286837
            ],
            [
              106.1411071,
              21.0286587
            ],
            [
              106.1413581,
              21.0287797
            ],
            [
              106.1415371,
              21.0288007
            ],
            [
              106.1415961,
              21.0287337
            ],
            [
              106.1417921,
              21.0278827
            ],
            [
              106.1426661,
              21.0277877
            ],
            [
              106.1426731,
              21.0270397
            ],
            [
              106.1422911,
              21.0269297
            ],
            [
              106.1422421,
              21.0267407
            ],
            [
              106.1424651,
              21.0263817
            ],
            [
              106.1429281,
              21.0261327
            ],
            [
              106.1436051,
              21.0258597
            ],
            [
              106.1430441,
              21.0249147
            ],
            [
              106.1475971,
              21.0227354
            ],
            [
              106.1477397,
              21.0225299
            ],
            [
              106.1519481,
              21.0208024
            ],
            [
              106.1527541,
              21.0206254
            ],
            [
              106.1531701,
              21.0218274
            ],
            [
              106.1538781,
              21.0218594
            ],
            [
              106.1542001,
              21.0219144
            ],
            [
              106.1550171,
              21.0237774
            ],
            [
              106.1550441,
              21.0239324
            ],
            [
              106.1550211,
              21.0241604
            ],
            [
              106.1548751,
              21.0245114
            ],
            [
              106.1548501,
              21.0246904
            ],
            [
              106.1549811,
              21.0252884
            ],
            [
              106.1547181,
              21.0260554
            ],
            [
              106.1546571,
              21.0277455
            ],
            [
              106.1530961,
              21.0279025
            ],
            [
              106.1531881,
              21.0286185
            ],
            [
              106.1492461,
              21.0295485
            ],
            [
              106.1499071,
              21.0319875
            ],
            [
              106.1502801,
              21.0327464
            ],
            [
              106.1507041,
              21.0329015
            ],
            [
              106.1506641,
              21.0345465
            ],
            [
              106.1511161,
              21.0346575
            ],
            [
              106.1521771,
              21.0348135
            ],
            [
              106.1537441,
              21.0354055
            ],
            [
              106.1541711,
              21.0356225
            ],
            [
              106.1546801,
              21.0364005
            ],
            [
              106.1543171,
              21.0366305
            ],
            [
              106.1546541,
              21.0376055
            ],
            [
              106.1551131,
              21.0385475
            ],
            [
              106.1564721,
              21.0402555
            ],
            [
              106.1567881,
              21.0407745
            ],
            [
              106.1569471,
              21.0411325
            ],
            [
              106.1570151,
              21.0417375
            ],
            [
              106.157352,
              21.0431888
            ],
            [
              106.1583565,
              21.0435142
            ],
            [
              106.1588719,
              21.0433492
            ],
            [
              106.1595513,
              21.0418094
            ],
            [
              106.1601264,
              21.0413795
            ],
            [
              106.161862,
              21.0412905
            ],
            [
              106.1622548,
              21.0408397
            ],
            [
              106.1625448,
              21.0392783
            ],
            [
              106.1639455,
              21.0382354
            ],
            [
              106.1661966,
              21.0382552
            ],
            [
              106.1668033,
              21.0380376
            ],
            [
              106.1682963,
              21.0358676
            ],
            [
              106.1687683,
              21.0355786
            ],
            [
              106.1703437,
              21.035232
            ],
            [
              106.1720246,
              21.0341187
            ],
            [
              106.1726565,
              21.0340424
            ],
            [
              106.1737379,
              21.0345136
            ],
            [
              106.1745631,
              21.035582
            ],
            [
              106.1751989,
              21.0357913
            ],
            [
              106.1764521,
              21.0359061
            ],
            [
              106.1764611,
              21.0355065
            ],
            [
              106.1762611,
              21.0345505
            ],
            [
              106.1759421,
              21.0312585
            ],
            [
              106.1750596,
              21.0247224
            ],
            [
              106.1759366,
              21.0245204
            ],
            [
              106.1757731,
              21.0230234
            ],
            [
              106.1752251,
              21.0211144
            ],
            [
              106.1766221,
              21.0206534
            ],
            [
              106.1763001,
              21.0195164
            ],
            [
              106.1758941,
              21.0184024
            ],
            [
              106.1754261,
              21.0174444
            ],
            [
              106.1762471,
              21.0153794
            ],
            [
              106.1764891,
              21.0143584
            ],
            [
              106.1762161,
              21.0141834
            ],
            [
              106.1762741,
              21.0139744
            ],
            [
              106.1765943,
              21.0139494
            ],
            [
              106.1782991,
              21.0134214
            ],
            [
              106.1783841,
              21.0137974
            ],
            [
              106.1786741,
              21.0137774
            ],
            [
              106.1787411,
              21.0137314
            ],
            [
              106.1786811,
              21.0134134
            ],
            [
              106.1796011,
              21.0129304
            ],
            [
              106.1798651,
              21.0132554
            ],
            [
              106.1805601,
              21.0130154
            ],
            [
              106.1808431,
              21.0132854
            ],
            [
              106.1810071,
              21.0132024
            ],
            [
              106.1812401,
              21.0133914
            ],
            [
              106.1814431,
              21.0132454
            ],
            [
              106.1814591,
              21.0128544
            ],
            [
              106.1819131,
              21.0128054
            ],
            [
              106.1819301,
              21.0124244
            ],
            [
              106.1826891,
              21.0123404
            ],
            [
              106.1828821,
              21.0123304
            ],
            [
              106.1830791,
              21.0127644
            ],
            [
              106.1832061,
              21.0128454
            ],
            [
              106.1833401,
              21.0127624
            ],
            [
              106.1834151,
              21.0124174
            ],
            [
              106.1837341,
              21.0124154
            ],
            [
              106.1840351,
              21.0124944
            ],
            [
              106.1841831,
              21.0128654
            ],
            [
              106.1844161,
              21.0128644
            ],
            [
              106.1845251,
              21.0132804
            ],
            [
              106.1849801,
              21.0132954
            ],
            [
              106.1851961,
              21.0136024
            ],
            [
              106.1856501,
              21.0135634
            ],
            [
              106.1856881,
              21.0134084
            ],
            [
              106.1859881,
              21.0134604
            ],
            [
              106.1860541,
              21.0132604
            ],
            [
              106.1871474,
              21.0132758
            ],
            [
              106.1879965,
              21.0139444
            ],
            [
              106.1894957,
              21.0208157
            ],
            [
              106.1874731,
              21.0213644
            ],
            [
              106.1872151,
              21.0244264
            ],
            [
              106.186943,
              21.0257531
            ],
            [
              106.1838531,
              21.0269045
            ],
            [
              106.1844161,
              21.0283895
            ],
            [
              106.1845111,
              21.0288195
            ],
            [
              106.1832101,
              21.0294185
            ],
            [
              106.1834681,
              21.0302155
            ],
            [
              106.1841461,
              21.0303205
            ],
            [
              106.1844581,
              21.0305725
            ],
            [
              106.1846151,
              21.0308345
            ],
            [
              106.1850221,
              21.0309035
            ],
            [
              106.1851331,
              21.0309625
            ],
            [
              106.1851831,
              21.0311435
            ],
            [
              106.1850831,
              21.0319245
            ],
            [
              106.1847951,
              21.0322085
            ],
            [
              106.1847381,
              21.0323445
            ],
            [
              106.1847901,
              21.0328615
            ],
            [
              106.1840161,
              21.0329305
            ],
            [
              106.1835481,
              21.0330565
            ],
            [
              106.1836011,
              21.0336005
            ],
            [
              106.1824021,
              21.0337085
            ],
            [
              106.1815211,
              21.0336515
            ],
            [
              106.1814961,
              21.0329885
            ],
            [
              106.1774071,
              21.0329585
            ],
            [
              106.1776096,
              21.0357616
            ],
            [
              106.1789149,
              21.0360047
            ],
            [
              106.179987,
              21.036951
            ],
            [
              106.1805569,
              21.0371408
            ],
            [
              106.1847086,
              21.0372432
            ],
            [
              106.1854229,
              21.0370834
            ],
            [
              106.1860346,
              21.0366488
            ],
            [
              106.1866283,
              21.036539
            ],
            [
              106.1874947,
              21.0365946
            ],
            [
              106.1881732,
              21.0368509
            ],
            [
              106.1886329,
              21.0374264
            ],
            [
              106.1891753,
              21.0385007
            ],
            [
              106.1896991,
              21.0389002
            ],
            [
              106.1911676,
              21.0391033
            ],
            [
              106.1911907,
              21.0391065
            ],
            [
              106.1915359,
              21.0391089
            ],
            [
              106.1936132,
              21.039123
            ],
            [
              106.1956248,
              21.0384318
            ],
            [
              106.1962644,
              21.0383527
            ],
            [
              106.1968883,
              21.0384924
            ],
            [
              106.2012637,
              21.0411665
            ],
            [
              106.2018531,
              21.0394115
            ],
            [
              106.2021871,
              21.0375305
            ],
            [
              106.2035611,
              21.0375845
            ],
            [
              106.2035621,
              21.0365135
            ],
            [
              106.2054261,
              21.0361285
            ],
            [
              106.2053791,
              21.0337775
            ],
            [
              106.2063992,
              21.0336975
            ],
            [
              106.2068381,
              21.0340115
            ],
            [
              106.2072471,
              21.0344445
            ],
            [
              106.2072671,
              21.0351335
            ],
            [
              106.2076161,
              21.0355515
            ],
            [
              106.2082741,
              21.0354355
            ],
            [
              106.2084231,
              21.0353355
            ],
            [
              106.2085701,
              21.0349135
            ],
            [
              106.2086891,
              21.0348285
            ],
            [
              106.2089731,
              21.0347265
            ],
            [
              106.2091231,
              21.0347265
            ],
            [
              106.2093341,
              21.0348645
            ],
            [
              106.2101531,
              21.0341145
            ],
            [
              106.2102692,
              21.0337902
            ],
            [
              106.2105149,
              21.0339865
            ],
            [
              106.2113978,
              21.0350799
            ],
            [
              106.211345,
              21.0355618
            ],
            [
              106.2114895,
              21.0363887
            ],
            [
              106.2122219,
              21.0372712
            ],
            [
              106.2126321,
              21.038138
            ],
            [
              106.2138156,
              21.0394274
            ],
            [
              106.2139741,
              21.0398964
            ],
            [
              106.2139975,
              21.0417275
            ],
            [
              106.2137008,
              21.0424147
            ],
            [
              106.2136813,
              21.0431403
            ],
            [
              106.2138565,
              21.0435843
            ],
            [
              106.2138931,
              21.0455175
            ],
            [
              106.2140101,
              21.0460355
            ],
            [
              106.2143145,
              21.0470797
            ],
            [
              106.2145576,
              21.0476297
            ],
            [
              106.2148511,
              21.0479495
            ],
            [
              106.2148534,
              21.0482383
            ],
            [
              106.2145901,
              21.0491205
            ],
            [
              106.2144251,
              21.0493245
            ],
            [
              106.2130057,
              21.050384
            ],
            [
              106.2133951,
              21.0510891
            ],
            [
              106.2139016,
              21.0515354
            ],
            [
              106.2148255,
              21.0518427
            ],
            [
              106.215773,
              21.0525454
            ],
            [
              106.2161489,
              21.0533589
            ],
            [
              106.2161614,
              21.0539158
            ],
            [
              106.2143635,
              21.0544627
            ],
            [
              106.2144744,
              21.0559233
            ],
            [
              106.2142526,
              21.0568319
            ],
            [
              106.2138336,
              21.0571655
            ],
            [
              106.2135094,
              21.0590333
            ],
            [
              106.2123649,
              21.0605044
            ],
            [
              106.21178,
              21.0613284
            ],
            [
              106.2113081,
              21.0620293
            ],
            [
              106.2106021,
              21.062448
            ],
            [
              106.2099428,
              21.0626705
            ],
            [
              106.2095258,
              21.0627334
            ],
            [
              106.2094943,
              21.0627343
            ],
            [
              106.2091714,
              21.062795
            ],
            [
              106.2087724,
              21.06297
            ],
            [
              106.2082393,
              21.0636456
            ],
            [
              106.2080099,
              21.0641058
            ],
            [
              106.2083344,
              21.0645654
            ],
            [
              106.2076457,
              21.0650084
            ],
            [
              106.208663,
              21.067084
            ],
            [
              106.2111403,
              21.0663665
            ],
            [
              106.2147537,
              21.074771
            ],
            [
              106.2109231,
              21.0765585
            ],
            [
              106.2101548,
              21.077668
            ],
            [
              106.2113088,
              21.0792994
            ],
            [
              106.2082059,
              21.0814422
            ],
            [
              106.2076705,
              21.0809693
            ],
            [
              106.2031421,
              21.0846935
            ],
            [
              106.2019512,
              21.0833621
            ],
            [
              106.196398,
              21.083277
            ],
            [
              106.1960562,
              21.0824923
            ],
            [
              106.1945414,
              21.0804713
            ],
            [
              106.1923269,
              21.0788784
            ],
            [
              106.18353,
              21.0764775
            ],
            [
              106.1828373,
              21.0727884
            ],
            [
              106.1834936,
              21.072728
            ],
            [
              106.183268,
              21.0710017
            ],
            [
              106.1825062,
              21.0711324
            ],
            [
              106.1824015,
              21.0706671
            ],
            [
              106.180911,
              21.0709146
            ]
          ]
        ]
      },
      "id": "relation/19425638"
    },
    {
      "type": "Feature",
      "properties": {
        "@id": "relation/19435883",
        "admin_level": "6",
        "boundary": "administrative",
        "name": "Phường Từ Sơn",
        "name:de": "Stadtviertel Từ Sơn",
        "name:en": "Tu Son Ward",
        "name:lzh": "慈山社",
        "name:vi-Hani": "社慈山",
        "name:zh": "慈山社",
        "name:zh-Hans": "慈山社",
        "name:zh-Hant": "慈山社",
        "population": "65697",
        "population:date": "2025-07-01",
        "source:population": "gis.vn",
        "type": "boundary",
        "wikidata": "Q134980459",
        "wikipedia": "vi:Từ Sơn (phường)"
      },
      "geometry": {
        "type": "Polygon",
        "coordinates": [
          [
            [
              105.9846583,
              21.0699504
            ],
            [
              105.9803179,
              21.0797807
            ],
            [
              105.9826763,
              21.0844738
            ],
            [
              105.9804348,
              21.0872973
            ],
            [
              105.9816863,
              21.0935138
            ],
            [
              105.9810561,
              21.0941007
            ],
            [
              105.9809961,
              21.0941197
            ],
            [
              105.9807961,
              21.0941677
            ],
            [
              105.9807861,
              21.0941777
            ],
            [
              105.9806361,
              21.0942347
            ],
            [
              105.9805561,
              21.0942917
            ],
            [
              105.9804871,
              21.0944327
            ],
            [
              105.9803981,
              21.0945457
            ],
            [
              105.9802431,
              21.0946687
            ],
            [
              105.9800841,
              21.0948577
            ],
            [
              105.9800451,
              21.0950177
            ],
            [
              105.9800061,
              21.0951307
            ],
            [
              105.9799861,
              21.0951587
            ],
            [
              105.9798471,
              21.0953757
            ],
            [
              105.9798471,
              21.0953857
            ],
            [
              105.9796581,
              21.0955927
            ],
            [
              105.9792401,
              21.0959617
            ],
            [
              105.9786581,
              21.0966797
            ],
            [
              105.9782791,
              21.0970767
            ],
            [
              105.9780441,
              21.0973807
            ],
            [
              105.9781301,
              21.0974927
            ],
            [
              105.9781311,
              21.0977207
            ],
            [
              105.9780931,
              21.0978907
            ],
            [
              105.9779721,
              21.0981007
            ],
            [
              105.9776501,
              21.0988767
            ],
            [
              105.9776141,
              21.0989097
            ],
            [
              105.9774871,
              21.0993777
            ],
            [
              105.9774751,
              21.0994447
            ],
            [
              105.9774641,
              21.0996007
            ],
            [
              105.9774531,
              21.0997127
            ],
            [
              105.9774541,
              21.0998237
            ],
            [
              105.9774421,
              21.0998677
            ],
            [
              105.9774071,
              21.0999237
            ],
            [
              105.9766701,
              21.0997727
            ],
            [
              105.9763681,
              21.1009317
            ],
            [
              105.9763361,
              21.1014107
            ],
            [
              105.9763561,
              21.1017857
            ],
            [
              105.9782401,
              21.1022569
            ],
            [
              105.9782245,
              21.1025911
            ],
            [
              105.978502,
              21.1026483
            ],
            [
              105.9788021,
              21.1025742
            ],
            [
              105.9794731,
              21.1025587
            ],
            [
              105.9803381,
              21.1021967
            ],
            [
              105.9810881,
              21.1016297
            ],
            [
              105.9816691,
              21.1012817
            ],
            [
              105.9820291,
              21.1018697
            ],
            [
              105.9827373,
              21.1012821
            ],
            [
              105.9832181,
              21.1017754
            ],
            [
              105.9834805,
              21.1020906
            ],
            [
              105.9839744,
              21.1028584
            ],
            [
              105.9859948,
              21.1025453
            ],
            [
              105.9861377,
              21.1027986
            ],
            [
              105.9863397,
              21.1031257
            ],
            [
              105.9878301,
              21.1056164
            ],
            [
              105.9880313,
              21.1059415
            ],
            [
              105.9883004,
              21.1064026
            ],
            [
              105.9885891,
              21.1068802
            ],
            [
              105.9889883,
              21.1075354
            ],
            [
              105.989505,
              21.1083948
            ],
            [
              105.9900211,
              21.1092529
            ],
            [
              105.9902581,
              21.1096268
            ],
            [
              105.9871396,
              21.1103688
            ],
            [
              105.9874276,
              21.1110478
            ],
            [
              105.9884163,
              21.111608
            ],
            [
              105.9874748,
              21.1131564
            ],
            [
              105.9865378,
              21.1145739
            ],
            [
              105.9862028,
              21.114456
            ],
            [
              105.9854282,
              21.1146174
            ],
            [
              105.98337,
              21.1150443
            ],
            [
              105.9816048,
              21.1154637
            ],
            [
              105.9773038,
              21.1204908
            ],
            [
              105.9766193,
              21.1211573
            ],
            [
              105.9768687,
              21.121422
            ],
            [
              105.9761033,
              21.122009
            ],
            [
              105.9753207,
              21.1224061
            ],
            [
              105.9736249,
              21.1206288
            ],
            [
              105.9728945,
              21.1216824
            ],
            [
              105.9719642,
              21.1230501
            ],
            [
              105.971112,
              21.1243218
            ],
            [
              105.9712575,
              21.1244085
            ],
            [
              105.9711841,
              21.1245988
            ],
            [
              105.9708519,
              21.1247858
            ],
            [
              105.9706061,
              21.1246533
            ],
            [
              105.9699674,
              21.1243093
            ],
            [
              105.9695061,
              21.1240607
            ],
            [
              105.9691123,
              21.1238484
            ],
            [
              105.967524,
              21.1229954
            ],
            [
              105.9661116,
              21.122242
            ],
            [
              105.9643451,
              21.1212864
            ],
            [
              105.9635304,
              21.1208457
            ],
            [
              105.9598435,
              21.118866
            ],
            [
              105.9597597,
              21.118821
            ],
            [
              105.959388,
              21.1197629
            ],
            [
              105.9592184,
              21.1201753
            ],
            [
              105.9549167,
              21.1181262
            ],
            [
              105.955712,
              21.1166965
            ],
            [
              105.9542895,
              21.115921
            ],
            [
              105.9544525,
              21.1156454
            ],
            [
              105.9531144,
              21.1149343
            ],
            [
              105.9511886,
              21.1138984
            ],
            [
              105.9511027,
              21.1140386
            ],
            [
              105.9502069,
              21.1135081
            ],
            [
              105.9500781,
              21.1135281
            ],
            [
              105.949885,
              21.1136733
            ],
            [
              105.952847,
              21.1152809
            ],
            [
              105.9524768,
              21.1158363
            ],
            [
              105.9523159,
              21.1160165
            ],
            [
              105.9520155,
              21.1156562
            ],
            [
              105.95142,
              21.1152559
            ],
            [
              105.951463,
              21.1150607
            ],
            [
              105.951066,
              21.1149506
            ],
            [
              105.9510392,
              21.1150707
            ],
            [
              105.9505456,
              21.1149706
            ],
            [
              105.9505939,
              21.1146954
            ],
            [
              105.9502935,
              21.1145603
            ],
            [
              105.9502383,
              21.1150489
            ],
            [
              105.9494337,
              21.1148938
            ],
            [
              105.9494337,
              21.1147887
            ],
            [
              105.9488543,
              21.1146936
            ],
            [
              105.9482964,
              21.1145084
            ],
            [
              105.9477975,
              21.1144634
            ],
            [
              105.9478351,
              21.1145935
            ],
            [
              105.9474703,
              21.1147586
            ],
            [
              105.947186,
              21.1150789
            ],
            [
              105.9470679,
              21.115244
            ],
            [
              105.9466817,
              21.1154542
            ],
            [
              105.9465852,
              21.1157495
            ],
            [
              105.9465798,
              21.1159146
            ],
            [
              105.9468051,
              21.1159046
            ],
            [
              105.9470304,
              21.1158295
            ],
            [
              105.9470733,
              21.1156794
            ],
            [
              105.9473684,
              21.1155193
            ],
            [
              105.9474381,
              21.1157044
            ],
            [
              105.9473523,
              21.1157595
            ],
            [
              105.9474059,
              21.1159446
            ],
            [
              105.947996,
              21.1158896
            ],
            [
              105.947996,
              21.1158195
            ],
            [
              105.9483286,
              21.1157945
            ],
            [
              105.9490796,
              21.1159096
            ],
            [
              105.9490474,
              21.1177712
            ],
            [
              105.948553,
              21.1178238
            ],
            [
              105.9480107,
              21.1178744
            ],
            [
              105.9478333,
              21.1179609
            ],
            [
              105.945364,
              21.1191646
            ],
            [
              105.9450928,
              21.1186536
            ],
            [
              105.9428366,
              21.1188155
            ],
            [
              105.9419254,
              21.1189672
            ],
            [
              105.9414753,
              21.1191089
            ],
            [
              105.9393108,
              21.1152668
            ],
            [
              105.937774,
              21.1127557
            ],
            [
              105.9376376,
              21.1123694
            ],
            [
              105.9376491,
              21.1122828
            ],
            [
              105.937673,
              21.1121022
            ],
            [
              105.9377069,
              21.1119928
            ],
            [
              105.9377489,
              21.1118725
            ],
            [
              105.9377838,
              21.1117712
            ],
            [
              105.937851,
              21.111643
            ],
            [
              105.9380077,
              21.1113815
            ],
            [
              105.9381114,
              21.1112311
            ],
            [
              105.9382542,
              21.1110018
            ],
            [
              105.9386768,
              21.110305
            ],
            [
              105.9389611,
              21.1098283
            ],
            [
              105.9392094,
              21.1094016
            ],
            [
              105.9393594,
              21.1091842
            ],
            [
              105.9394004,
              21.1091182
            ],
            [
              105.9394745,
              21.1089597
            ],
            [
              105.9395121,
              21.108864
            ],
            [
              105.9396783,
              21.1086031
            ],
            [
              105.939753,
              21.1084621
            ],
            [
              105.9397008,
              21.1084381
            ],
            [
              105.939555,
              21.1083731
            ],
            [
              105.9395206,
              21.1084157
            ],
            [
              105.9394456,
              21.1085239
            ],
            [
              105.9393986,
              21.1085736
            ],
            [
              105.9393391,
              21.1086174
            ],
            [
              105.9392048,
              21.1086732
            ],
            [
              105.939136,
              21.1087063
            ],
            [
              105.9365393,
              21.1097455
            ],
            [
              105.9365069,
              21.1096992
            ],
            [
              105.9362507,
              21.1093365
            ],
            [
              105.9373904,
              21.1077829
            ],
            [
              105.936878,
              21.1074491
            ],
            [
              105.9373575,
              21.1067905
            ],
            [
              105.9365415,
              21.1062504
            ],
            [
              105.9357365,
              21.1056587
            ],
            [
              105.9348624,
              21.1049381
            ],
            [
              105.9336004,
              21.1037366
            ],
            [
              105.9342441,
              21.103059
            ],
            [
              105.9340086,
              21.1028516
            ],
            [
              105.9351023,
              21.1017576
            ],
            [
              105.9353588,
              21.1020061
            ],
            [
              105.9363761,
              21.1015212
            ],
            [
              105.9354909,
              21.0992337
            ],
            [
              105.9349261,
              21.0979594
            ],
            [
              105.9346882,
              21.0968071
            ],
            [
              105.934474,
              21.0965241
            ],
            [
              105.9356295,
              21.095148
            ],
            [
              105.935943,
              21.0952141
            ],
            [
              105.9361519,
              21.0941633
            ],
            [
              105.9366811,
              21.0932061
            ],
            [
              105.9381512,
              21.0937735
            ],
            [
              105.9389252,
              21.0922585
            ],
            [
              105.9396167,
              21.091013
            ],
            [
              105.9402739,
              21.0899458
            ],
            [
              105.9395946,
              21.0895783
            ],
            [
              105.9401551,
              21.0889303
            ],
            [
              105.9395763,
              21.0885886
            ],
            [
              105.9399563,
              21.0882554
            ],
            [
              105.9396916,
              21.0878789
            ],
            [
              105.9393182,
              21.0876582
            ],
            [
              105.9395068,
              21.0868004
            ],
            [
              105.9398195,
              21.085296
            ],
            [
              105.9401924,
              21.0833533
            ],
            [
              105.9433796,
              21.0847803
            ],
            [
              105.9445371,
              21.0853402
            ],
            [
              105.9457189,
              21.0850473
            ],
            [
              105.9558151,
              21.090432
            ],
            [
              105.9579932,
              21.0913648
            ],
            [
              105.9599249,
              21.0884927
            ],
            [
              105.9601092,
              21.0880491
            ],
            [
              105.9618948,
              21.0781098
            ],
            [
              105.9631268,
              21.0777231
            ],
            [
              105.9632863,
              21.0776747
            ],
            [
              105.9633743,
              21.0776784
            ],
            [
              105.9634959,
              21.0776445
            ],
            [
              105.9635822,
              21.0776083
            ],
            [
              105.963773,
              21.0774632
            ],
            [
              105.9661623,
              21.075743
            ],
            [
              105.9666111,
              21.0753077
            ],
            [
              105.967423,
              21.0743728
            ],
            [
              105.9681894,
              21.0738677
            ],
            [
              105.9683765,
              21.0737801
            ],
            [
              105.9685568,
              21.0737322
            ],
            [
              105.968722,
              21.0737364
            ],
            [
              105.9686953,
              21.0734492
            ],
            [
              105.9685288,
              21.0729164
            ],
            [
              105.9681912,
              21.0721444
            ],
            [
              105.971874,
              21.0713559
            ],
            [
              105.9769226,
              21.0703557
            ],
            [
              105.9781735,
              21.0701317
            ],
            [
              105.9784448,
              21.0701052
            ],
            [
              105.9805805,
              21.0699541
            ],
            [
              105.9846583,
              21.0699504
            ]
          ]
        ]
      },
      "id": "relation/19435883"
    },
    {
      "type": "Feature",
      "properties": {
        "@id": "way/28473576",
        "addr:city": "Bắc Ninh",
        "landuse": "industrial",
        "name": "Khu công nghiệp Tiên Sơn",
        "name:en": "Tien Son Industrial Park"
      },
      "geometry": {
        "type": "Polygon",
        "coordinates": [
          [
            [
              105.998193,
              21.1280453
            ],
            [
              105.9994382,
              21.1287292
            ],
            [
              106.0036402,
              21.1296308
            ],
            [
              106.0076912,
              21.123919
            ],
            [
              106.0092605,
              21.1249472
            ],
            [
              106.0116749,
              21.1264856
            ],
            [
              106.0127697,
              21.1271944
            ],
            [
              106.0136137,
              21.1277406
            ],
            [
              106.0089237,
              21.132384
            ],
            [
              106.0081994,
              21.1331524
            ],
            [
              106.0075601,
              21.1340415
            ],
            [
              106.0073576,
              21.1340012
            ],
            [
              105.998445,
              21.1322256
            ],
            [
              105.9926088,
              21.1310629
            ],
            [
              105.9861236,
              21.1297709
            ],
            [
              105.9875437,
              21.1237371
            ],
            [
              105.9794926,
              21.1188346
            ],
            [
              105.9763555,
              21.1170831
            ],
            [
              105.9765491,
              21.1167721
            ],
            [
              105.9766007,
              21.1166892
            ],
            [
              105.9768021,
              21.1163656
            ],
            [
              105.9772284,
              21.1156809
            ],
            [
              105.9776045,
              21.1150768
            ],
            [
              105.9777017,
              21.1149442
            ],
            [
              105.9781349,
              21.1145553
            ],
            [
              105.979095,
              21.1136936
            ],
            [
              105.9802834,
              21.1126269
            ],
            [
              105.9805642,
              21.1123748
            ],
            [
              105.9809896,
              21.111993
            ],
            [
              105.9811654,
              21.1119189
            ],
            [
              105.9815983,
              21.1118115
            ],
            [
              105.9822506,
              21.1116495
            ],
            [
              105.9836233,
              21.1113172
            ],
            [
              105.9842971,
              21.111154
            ],
            [
              105.9843757,
              21.1111488
            ],
            [
              105.9847268,
              21.111093
            ],
            [
              105.985116,
              21.1110514
            ],
            [
              105.985579,
              21.1109702
            ],
            [
              105.9859325,
              21.1108958
            ],
            [
              105.9864458,
              21.1108099
            ],
            [
              105.9865397,
              21.1108253
            ],
            [
              105.9866575,
              21.110889
            ],
            [
              105.9881772,
              21.1117639
            ],
            [
              105.9897243,
              21.1126537
            ],
            [
              105.9907982,
              21.1132272
            ],
            [
              105.9909558,
              21.1133113
            ],
            [
              105.9900133,
              21.1148234
            ],
            [
              105.9903785,
              21.1176925
            ],
            [
              105.9905109,
              21.1184025
            ],
            [
              105.9913349,
              21.1208827
            ],
            [
              105.9931923,
              21.1212559
            ],
            [
              105.9935927,
              21.1195632
            ],
            [
              105.9944857,
              21.1158478
            ],
            [
              105.9991371,
              21.118866
            ],
            [
              105.9990197,
              21.1198429
            ],
            [
              105.9993601,
              21.1199067
            ],
            [
              106.0000713,
              21.1200399
            ],
            [
              106.0000197,
              21.1202464
            ],
            [
              105.999849,
              21.1209778
            ],
            [
              105.99967,
              21.1217449
            ],
            [
              105.999532,
              21.1223361
            ],
            [
              105.9993195,
              21.1232466
            ],
            [
              105.9983045,
              21.1275952
            ],
            [
              105.998193,
              21.1280453
            ]
          ]
        ]
      },
      "id": "way/28473576"
    },
    {
      "type": "Feature",
      "properties": {
        "@id": "way/597872887",
        "addr:city": "Thành phố Bắc Ninh",
        "addr:province": "Bac Ninh",
        "landuse": "industrial",
        "name": "Khu công nghiệp Quế Võ",
        "name:en": "Que Vo Industrial Zone",
        "name:ko": "꾸에보인더스파크"
      },
      "geometry": {
        "type": "Polygon",
        "coordinates": [
          [
            [
              106.1313762,
              21.1379696
            ],
            [
              106.133149,
              21.1483494
            ],
            [
              106.1335046,
              21.1504966
            ],
            [
              106.134389,
              21.1555395
            ],
            [
              106.1341574,
              21.1558097
            ],
            [
              106.1290841,
              21.1566493
            ],
            [
              106.1235936,
              21.157531
            ],
            [
              106.124189,
              21.1605888
            ],
            [
              106.1215861,
              21.1611253
            ],
            [
              106.1215504,
              21.160974
            ],
            [
              106.1181879,
              21.1615013
            ],
            [
              106.1153984,
              21.1632622
            ],
            [
              106.1158275,
              21.1643628
            ],
            [
              106.114819,
              21.1652433
            ],
            [
              106.1155432,
              21.1661537
            ],
            [
              106.113317,
              21.1665639
            ],
            [
              106.1098301,
              21.1689551
            ],
            [
              106.108886,
              21.1677345
            ],
            [
              106.1075061,
              21.1685698
            ],
            [
              106.104712,
              21.1705192
            ],
            [
              106.103109,
              21.1685508
            ],
            [
              106.1030693,
              21.1685022
            ],
            [
              106.1028874,
              21.1682795
            ],
            [
              106.0954117,
              21.1591372
            ],
            [
              106.0953933,
              21.1590352
            ],
            [
              106.0963659,
              21.1584012
            ],
            [
              106.0974124,
              21.1576989
            ],
            [
              106.0993623,
              21.1563691
            ],
            [
              106.1014642,
              21.1549462
            ],
            [
              106.1020629,
              21.154539
            ],
            [
              106.105238,
              21.1523127
            ],
            [
              106.106081,
              21.1533616
            ],
            [
              106.1103558,
              21.1503949
            ],
            [
              106.1117935,
              21.1499146
            ],
            [
              106.1145603,
              21.1492078
            ],
            [
              106.114709,
              21.1497296
            ],
            [
              106.1147485,
              21.149898
            ],
            [
              106.1147899,
              21.1500571
            ],
            [
              106.1148609,
              21.1503832
            ],
            [
              106.1148653,
              21.1504026
            ],
            [
              106.1170613,
              21.1500039
            ],
            [
              106.1167738,
              21.1487846
            ],
            [
              106.1238581,
              21.1475582
            ],
            [
              106.1232156,
              21.1440495
            ],
            [
              106.1222754,
              21.143491
            ],
            [
              106.1221194,
              21.1425701
            ],
            [
              106.125917,
              21.1419009
            ],
            [
              106.1253995,
              21.1389911
            ],
            [
              106.126286,
              21.1388396
            ],
            [
              106.1275451,
              21.1386244
            ],
            [
              106.1313762,
              21.1379696
            ]
          ]
        ]
      },
      "id": "way/597872887"
    },
    {
      "type": "Feature",
      "properties": {
        "@id": "way/597920929",
        "addr:city": "Bắc Ninh",
        "addr:district": "Thị xã Quế Võ",
        "addr:province": "Bac Ninh",
        "addr:subdistrict": "Xã Ngọc Xá",
        "landuse": "industrial",
        "name": "Khu công nghiệp Quế Võ II"
      },
      "geometry": {
        "type": "Polygon",
        "coordinates": [
          [
            [
              106.2127196,
              21.124777
            ],
            [
              106.215308,
              21.1244293
            ],
            [
              106.2155119,
              21.1247095
            ],
            [
              106.2221074,
              21.1238163
            ],
            [
              106.2270535,
              21.1231859
            ],
            [
              106.2283087,
              21.1316724
            ],
            [
              106.2186777,
              21.1329426
            ],
            [
              106.2172276,
              21.1331941
            ],
            [
              106.2163912,
              21.1329521
            ],
            [
              106.216435,
              21.1317075
            ],
            [
              106.2158567,
              21.1278696
            ],
            [
              106.2122744,
              21.1272641
            ],
            [
              106.2127196,
              21.124777
            ]
          ]
        ]
      },
      "id": "way/597920929"
    },
    {
      "type": "Feature",
      "properties": {
        "@id": "way/598146230",
        "landuse": "industrial",
        "name": "Khu công nghiệp Yên Phong - Giai đoạn 1",
        "name:en": "Yen Phong Industrial Zone - Phase 1"
      },
      "geometry": {
        "type": "Polygon",
        "coordinates": [
          [
            [
              106.004931,
              21.1911806
            ],
            [
              106.0072835,
              21.191177
            ],
            [
              106.0085961,
              21.1911926
            ],
            [
              106.0087668,
              21.1912512
            ],
            [
              106.0100919,
              21.1913885
            ],
            [
              106.0109129,
              21.1918722
            ],
            [
              106.012114,
              21.1936168
            ],
            [
              106.0137065,
              21.1958077
            ],
            [
              106.0125207,
              21.1965055
            ],
            [
              106.0138287,
              21.1984523
            ],
            [
              106.0093691,
              21.2010944
            ],
            [
              106.008859,
              21.200981
            ],
            [
              106.0083369,
              21.2009843
            ],
            [
              106.007898,
              21.2010455
            ],
            [
              106.0068858,
              21.2011655
            ],
            [
              106.0064925,
              21.2013231
            ],
            [
              106.0061151,
              21.2007876
            ],
            [
              106.0053411,
              21.2003997
            ],
            [
              106.0051465,
              21.2005189
            ],
            [
              106.0043329,
              21.2010259
            ],
            [
              106.0031837,
              21.2016943
            ],
            [
              106.0020729,
              21.202419
            ],
            [
              106.0014314,
              21.2028256
            ],
            [
              106.0010218,
              21.2030194
            ],
            [
              106.0006252,
              21.2031778
            ],
            [
              106.0001396,
              21.2033201
            ],
            [
              105.998934,
              21.2036162
            ],
            [
              105.9974395,
              21.2039867
            ],
            [
              105.9970346,
              21.2040871
            ],
            [
              105.995962,
              21.2043579
            ],
            [
              105.9949133,
              21.2046885
            ],
            [
              105.9938276,
              21.204841
            ],
            [
              105.9934072,
              21.2048937
            ],
            [
              105.9917519,
              21.2051073
            ],
            [
              105.9900417,
              21.2053468
            ],
            [
              105.9883638,
              21.2055817
            ],
            [
              105.9853477,
              21.206004
            ],
            [
              105.9833467,
              21.2062842
            ],
            [
              105.9817983,
              21.206501
            ],
            [
              105.9817078,
              21.206441
            ],
            [
              105.9812987,
              21.2061697
            ],
            [
              105.9811199,
              21.204854
            ],
            [
              105.9810202,
              21.2041201
            ],
            [
              105.9808909,
              21.2031685
            ],
            [
              105.9808033,
              21.202701
            ],
            [
              105.9807379,
              21.2022018
            ],
            [
              105.9806175,
              21.2014968
            ],
            [
              105.9805637,
              21.2011187
            ],
            [
              105.9804055,
              21.2001268
            ],
            [
              105.9803046,
              21.1995317
            ],
            [
              105.9804121,
              21.1993939
            ],
            [
              105.9812408,
              21.199277
            ],
            [
              105.98226,
              21.1991331
            ],
            [
              105.9831361,
              21.1990094
            ],
            [
              105.9838912,
              21.1988981
            ],
            [
              105.9850801,
              21.1987253
            ],
            [
              105.9874358,
              21.1983924
            ],
            [
              105.9885766,
              21.198234
            ],
            [
              105.9887203,
              21.1982072
            ],
            [
              105.9900086,
              21.198039
            ],
            [
              105.9915155,
              21.1978271
            ],
            [
              105.992378,
              21.19771
            ],
            [
              105.9926339,
              21.1976721
            ],
            [
              105.992888,
              21.1976344
            ],
            [
              105.9939335,
              21.1972166
            ],
            [
              105.9968195,
              21.1961803
            ],
            [
              105.9971633,
              21.1960331
            ],
            [
              106.002501,
              21.1927347
            ],
            [
              106.004931,
              21.1911806
            ]
          ]
        ]
      },
      "id": "way/598146230"
    },
    {
      "type": "Feature",
      "properties": {
        "@id": "way/642274405",
        "landuse": "industrial",
        "name": "Khu công nghiệp VSIP Bắc Ninh",
        "name:en": "Vietnam-Singapore Industrial Park (VSIP Bac Ninh)"
      },
      "geometry": {
        "type": "Polygon",
        "coordinates": [
          [
            [
              105.9693365,
              21.0783815
            ],
            [
              105.9763293,
              21.0772923
            ],
            [
              105.9762495,
              21.0767996
            ],
            [
              105.9756959,
              21.0737151
            ],
            [
              105.9752186,
              21.0708479
            ],
            [
              105.9768316,
              21.0704896
            ],
            [
              105.9783321,
              21.070297
            ],
            [
              105.9802065,
              21.0701428
            ],
            [
              105.9819075,
              21.070111
            ],
            [
              105.9861017,
              21.0701
            ],
            [
              105.9867512,
              21.070078
            ],
            [
              105.9885851,
              21.0697877
            ],
            [
              105.9906382,
              21.0694639
            ],
            [
              105.9931442,
              21.0691368
            ],
            [
              105.9934447,
              21.0690985
            ],
            [
              105.99386,
              21.0694081
            ],
            [
              105.9978371,
              21.0732096
            ],
            [
              105.9993911,
              21.0745416
            ],
            [
              105.9993483,
              21.0745868
            ],
            [
              105.9993169,
              21.0748478
            ],
            [
              105.9992834,
              21.0750271
            ],
            [
              105.999215,
              21.0752077
            ],
            [
              105.998886,
              21.075535
            ],
            [
              105.9986064,
              21.0757981
            ],
            [
              105.9963257,
              21.0780371
            ],
            [
              105.9948812,
              21.0767613
            ],
            [
              105.9923982,
              21.0771664
            ],
            [
              105.9930625,
              21.0813279
            ],
            [
              105.9971819,
              21.0807152
            ],
            [
              105.9975416,
              21.0806986
            ],
            [
              105.9978003,
              21.0808585
            ],
            [
              105.9979464,
              21.0811024
            ],
            [
              105.9987109,
              21.0854199
            ],
            [
              105.9924689,
              21.0863519
            ],
            [
              105.9922536,
              21.0847057
            ],
            [
              105.9927954,
              21.0827156
            ],
            [
              105.9915181,
              21.0828815
            ],
            [
              105.9895442,
              21.0844463
            ],
            [
              105.9869779,
              21.0848071
            ],
            [
              105.9869694,
              21.0887654
            ],
            [
              105.9831197,
              21.0895725
            ],
            [
              105.9831926,
              21.0899571
            ],
            [
              105.9825803,
              21.0906229
            ],
            [
              105.981788,
              21.0858993
            ],
            [
              105.9776117,
              21.0864897
            ],
            [
              105.9773612,
              21.0851295
            ],
            [
              105.9719378,
              21.083435
            ],
            [
              105.9676619,
              21.0820042
            ],
            [
              105.9678856,
              21.0813556
            ],
            [
              105.9689763,
              21.079143
            ],
            [
              105.9693365,
              21.0783815
            ]
          ]
        ]
      },
      "id": "way/642274405"
    },
    {
      "type": "Feature",
      "properties": {
        "@id": "way/805410975",
        "landuse": "industrial",
        "name": "Khu công nghiệp Yên Phong mở rộng"
      },
      "geometry": {
        "type": "Polygon",
        "coordinates": [
          [
            [
              106.0001868,
              21.2212498
            ],
            [
              106.0008083,
              21.2211583
            ],
            [
              106.0012831,
              21.2240401
            ],
            [
              106.0036202,
              21.2237053
            ],
            [
              106.0039337,
              21.2256705
            ],
            [
              106.0147707,
              21.22406
            ],
            [
              106.01622,
              21.2326096
            ],
            [
              106.0109794,
              21.2333778
            ],
            [
              106.0112577,
              21.2349983
            ],
            [
              105.9958303,
              21.2372005
            ],
            [
              105.9933649,
              21.2221727
            ],
            [
              105.998763,
              21.2214046
            ],
            [
              105.9990465,
              21.2216092
            ],
            [
              105.9997757,
              21.2215124
            ],
            [
              106.0001868,
              21.2212498
            ]
          ]
        ]
      },
      "id": "way/805410975"
    },
    {
      "type": "Feature",
      "properties": {
        "@id": "way/973597471",
        "industrial": "port",
        "landuse": "industrial",
        "name": "Công ty cổ phần Tân Cảng Quế Võ"
      },
      "geometry": {
        "type": "Polygon",
        "coordinates": [
          [
            [
              106.2571926,
              21.1178854
            ],
            [
              106.2564267,
              21.1180073
            ],
            [
              106.2533161,
              21.1184522
            ],
            [
              106.2531486,
              21.1178347
            ],
            [
              106.2533764,
              21.1177392
            ],
            [
              106.2541149,
              21.1175228
            ],
            [
              106.2542223,
              21.1180034
            ],
            [
              106.2556721,
              21.1177229
            ],
            [
              106.2571257,
              21.1174674
            ],
            [
              106.2570038,
              21.1167966
            ],
            [
              106.2581462,
              21.1165612
            ],
            [
              106.2593586,
              21.1163113
            ],
            [
              106.2604097,
              21.1161114
            ],
            [
              106.2607537,
              21.117399
            ],
            [
              106.2571926,
              21.1178854
            ]
          ]
        ]
      },
      "id": "way/973597471"
    },
    {
      "type": "Feature",
      "properties": {
        "@id": "way/1157356622",
        "landuse": "industrial",
        "name": "Khu công nghiệp VSIP Hải Dương"
      },
      "geometry": {
        "type": "Polygon",
        "coordinates": [
          [
            [
              106.1658377,
              20.9306634
            ],
            [
              106.1691851,
              20.9311444
            ],
            [
              106.1701292,
              20.9281883
            ],
            [
              106.1756653,
              20.9296112
            ],
            [
              106.1754722,
              20.9305031
            ],
            [
              106.1769099,
              20.9307737
            ],
            [
              106.1771674,
              20.9300522
            ],
            [
              106.1794311,
              20.9306233
            ],
            [
              106.177015,
              20.93871
            ],
            [
              106.1745902,
              20.9378582
            ],
            [
              106.173335,
              20.9375777
            ],
            [
              106.1713823,
              20.9376278
            ],
            [
              106.1713823,
              20.9374073
            ],
            [
              106.1710068,
              20.9373973
            ],
            [
              106.1708137,
              20.9381288
            ],
            [
              106.1702343,
              20.9379384
            ],
            [
              106.1696228,
              20.9400226
            ],
            [
              106.1687216,
              20.9401329
            ],
            [
              106.1685928,
              20.9404535
            ],
            [
              106.166844,
              20.9409345
            ],
            [
              106.1658355,
              20.9405637
            ],
            [
              106.1659428,
              20.940203
            ],
            [
              106.1656102,
              20.9400527
            ],
            [
              106.1656853,
              20.9398222
            ],
            [
              106.1655566,
              20.939702
            ],
            [
              106.1654707,
              20.9394214
            ],
            [
              106.1646768,
              20.9393914
            ],
            [
              106.1642906,
              20.9399926
            ],
            [
              106.1617303,
              20.9386499
            ],
            [
              106.1609901,
              20.936265
            ],
            [
              106.1609901,
              20.9360345
            ],
            [
              106.1612368,
              20.9356537
            ],
            [
              106.1618162,
              20.9355435
            ],
            [
              106.1632968,
              20.934792
            ],
            [
              106.167233,
              20.9354032
            ],
            [
              106.1678766,
              20.9329883
            ],
            [
              106.1677497,
              20.9329669
            ],
            [
              106.1649584,
              20.9324972
            ],
            [
              106.165168,
              20.9320602
            ],
            [
              106.1658377,
              20.9306634
            ]
          ]
        ]
      },
      "id": "way/1157356622"
    },
    {
      "type": "Feature",
      "properties": {
        "@id": "way/1184113104",
        "landuse": "industrial",
        "name": "Khu công nghiệp Quế Võ III"
      },
      "geometry": {
        "type": "Polygon",
        "coordinates": [
          [
            [
              106.1697569,
              21.1553128
            ],
            [
              106.1784333,
              21.1480609
            ],
            [
              106.1812638,
              21.1457462
            ],
            [
              106.1797803,
              21.1440872
            ],
            [
              106.1796685,
              21.143954
            ],
            [
              106.1796011,
              21.1437909
            ],
            [
              106.1791988,
              21.1412106
            ],
            [
              106.1788861,
              21.139185
            ],
            [
              106.1788382,
              21.1390383
            ],
            [
              106.1786339,
              21.1386006
            ],
            [
              106.1785065,
              21.1384493
            ],
            [
              106.1783876,
              21.1383765
            ],
            [
              106.1782733,
              21.1383305
            ],
            [
              106.1781665,
              21.1383158
            ],
            [
              106.177987,
              21.1383106
            ],
            [
              106.179223,
              21.1377663
            ],
            [
              106.1791772,
              21.1378777
            ],
            [
              106.1790555,
              21.1379881
            ],
            [
              106.1789848,
              21.1381213
            ],
            [
              106.1789703,
              21.1381735
            ],
            [
              106.1789373,
              21.1382726
            ],
            [
              106.1789484,
              21.1383642
            ],
            [
              106.179219,
              21.1388658
            ],
            [
              106.1792355,
              21.1389513
            ],
            [
              106.1799212,
              21.1433683
            ],
            [
              106.1799922,
              21.1436833
            ],
            [
              106.1800506,
              21.1437905
            ],
            [
              106.1801099,
              21.1438594
            ],
            [
              106.1816468,
              21.1454151
            ],
            [
              106.1844702,
              21.1430942
            ],
            [
              106.1850425,
              21.1436952
            ],
            [
              106.1858131,
              21.1445043
            ],
            [
              106.1859314,
              21.1446286
            ],
            [
              106.1833228,
              21.1468369
            ],
            [
              106.1831527,
              21.147075
            ],
            [
              106.1831381,
              21.1472375
            ],
            [
              106.1830138,
              21.1475442
            ],
            [
              106.1828734,
              21.1477333
            ],
            [
              106.1819937,
              21.1486538
            ],
            [
              106.1826588,
              21.1493142
            ],
            [
              106.1825301,
              21.1495144
            ],
            [
              106.1827018,
              21.1496544
            ],
            [
              106.1818649,
              21.1504149
            ],
            [
              106.1815549,
              21.1501462
            ],
            [
              106.1809851,
              21.1506951
            ],
            [
              106.1822082,
              21.1518758
            ],
            [
              106.1818649,
              21.1520759
            ],
            [
              106.1842253,
              21.1544773
            ],
            [
              106.1838819,
              21.1547575
            ],
            [
              106.1841609,
              21.1550176
            ],
            [
              106.1902274,
              21.1500832
            ],
            [
              106.191714,
              21.148874
            ],
            [
              106.1930658,
              21.1502948
            ],
            [
              106.18522,
              21.1567086
            ],
            [
              106.1836,
              21.1549176
            ],
            [
              106.181186,
              21.1566586
            ],
            [
              106.1806391,
              21.1569773
            ],
            [
              106.1799568,
              21.1572807
            ],
            [
              106.1792513,
              21.1566675
            ],
            [
              106.1785572,
              21.1560314
            ],
            [
              106.1780964,
              21.1555803
            ],
            [
              106.1778203,
              21.1552955
            ],
            [
              106.1769374,
              21.1561783
            ],
            [
              106.176755,
              21.1560683
            ],
            [
              106.1762185,
              21.1566386
            ],
            [
              106.1763687,
              21.1567887
            ],
            [
              106.1762722,
              21.1569788
            ],
            [
              106.1750603,
              21.1579474
            ],
            [
              106.1750308,
              21.157972
            ],
            [
              106.1749944,
              21.1579884
            ],
            [
              106.1749541,
              21.157989
            ],
            [
              106.1692956,
              21.1570588
            ],
            [
              106.169199,
              21.1569187
            ],
            [
              106.169655,
              21.155563
            ],
            [
              106.1697569,
              21.1553128
            ]
          ]
        ]
      },
      "id": "way/1184113104"
    },
    {
      "type": "Feature",
      "properties": {
        "@id": "way/1257183934",
        "landuse": "industrial",
        "name": "Khu Công Nghiệp Yên Phong II C",
        "name:en": "Yen Phong II C Industrial Park"
      },
      "geometry": {
        "type": "Polygon",
        "coordinates": [
          [
            [
              105.9579446,
              21.2090311
            ],
            [
              105.9598482,
              21.2113628
            ],
            [
              105.9600635,
              21.2119317
            ],
            [
              105.9626277,
              21.2151923
            ],
            [
              105.9625634,
              21.2158274
            ],
            [
              105.9630301,
              21.2166526
            ],
            [
              105.9643349,
              21.2182185
            ],
            [
              105.9640834,
              21.2184183
            ],
            [
              105.9638974,
              21.2185491
            ],
            [
              105.9636583,
              21.2187294
            ],
            [
              105.9632379,
              21.2190446
            ],
            [
              105.963026,
              21.219192
            ],
            [
              105.9627629,
              21.2193794
            ],
            [
              105.9624702,
              21.2195685
            ],
            [
              105.9615592,
              21.2200807
            ],
            [
              105.9611693,
              21.2202765
            ],
            [
              105.960772,
              21.220458
            ],
            [
              105.9598782,
              21.2208087
            ],
            [
              105.959384,
              21.2209729
            ],
            [
              105.9590015,
              21.221091
            ],
            [
              105.9587569,
              21.2211569
            ],
            [
              105.9585546,
              21.2212072
            ],
            [
              105.9582215,
              21.2212886
            ],
            [
              105.9581653,
              21.2213016
            ],
            [
              105.9579338,
              21.2213449
            ],
            [
              105.9575398,
              21.2214131
            ],
            [
              105.9570789,
              21.2214742
            ],
            [
              105.9565587,
              21.2215363
            ],
            [
              105.9561215,
              21.2215763
            ],
            [
              105.9558538,
              21.221596
            ],
            [
              105.9551916,
              21.2216363
            ],
            [
              105.954694,
              21.2216679
            ],
            [
              105.954379,
              21.2216901
            ],
            [
              105.9539359,
              21.2217151
            ],
            [
              105.9536662,
              21.2217287
            ],
            [
              105.9523537,
              21.2217365
            ],
            [
              105.9509454,
              21.2217413
            ],
            [
              105.9504295,
              21.2217366
            ],
            [
              105.9486805,
              21.221763
            ],
            [
              105.9480234,
              21.2217847
            ],
            [
              105.9475073,
              21.2218049
            ],
            [
              105.9461954,
              21.221851
            ],
            [
              105.9453586,
              21.2219173
            ],
            [
              105.9448063,
              21.2219722
            ],
            [
              105.9445915,
              21.2217632
            ],
            [
              105.944658,
              21.2213702
            ],
            [
              105.9455294,
              21.216982
            ],
            [
              105.9460525,
              21.2144681
            ],
            [
              105.9516189,
              21.2152058
            ],
            [
              105.9519734,
              21.2136272
            ],
            [
              105.9520108,
              21.2133699
            ],
            [
              105.952046,
              21.2132853
            ],
            [
              105.9520802,
              21.2132542
            ],
            [
              105.9579446,
              21.2090311
            ]
          ]
        ]
      },
      "id": "way/1257183934"
    },
    {
      "type": "Feature",
      "properties": {
        "@id": "way/1257183941",
        "landuse": "industrial",
        "name": "Khu Công Nghiệp Yên Phong II",
        "name:en": "VSIP Yen Phong II Industrial Park"
      },
      "geometry": {
        "type": "Polygon",
        "coordinates": [
          [
            [
              105.9455294,
              21.216982
            ],
            [
              105.9445915,
              21.2217632
            ],
            [
              105.9448063,
              21.2219722
            ],
            [
              105.9444649,
              21.2220047
            ],
            [
              105.9438711,
              21.2220831
            ],
            [
              105.9435021,
              21.2221192
            ],
            [
              105.9432693,
              21.2221563
            ],
            [
              105.9423501,
              21.2223674
            ],
            [
              105.9414846,
              21.2225795
            ],
            [
              105.9396283,
              21.2230224
            ],
            [
              105.9386037,
              21.2232964
            ],
            [
              105.9380334,
              21.2234131
            ],
            [
              105.9372292,
              21.2235361
            ],
            [
              105.9365386,
              21.2236291
            ],
            [
              105.9351213,
              21.2237124
            ],
            [
              105.9351332,
              21.2241174
            ],
            [
              105.9338755,
              21.2276592
            ],
            [
              105.933599,
              21.2293115
            ],
            [
              105.9317615,
              21.2333436
            ],
            [
              105.9316232,
              21.2333966
            ],
            [
              105.9283356,
              21.2323989
            ],
            [
              105.9282606,
              21.2322675
            ],
            [
              105.930737,
              21.2245138
            ],
            [
              105.9313061,
              21.2225962
            ],
            [
              105.9316639,
              21.2210955
            ],
            [
              105.9319078,
              21.2197387
            ],
            [
              105.9320948,
              21.218344
            ],
            [
              105.9321924,
              21.2170252
            ],
            [
              105.9322574,
              21.2140993
            ],
            [
              105.9416179,
              21.2161525
            ],
            [
              105.9441024,
              21.2167088
            ],
            [
              105.9455294,
              21.216982
            ]
          ]
        ]
      },
      "id": "way/1257183941"
    },
    {
      "type": "Feature",
      "properties": {
        "@id": "way/1257183942",
        "area": "yes",
        "landuse": "industrial",
        "name": "Khu Công Nghiệp Yên Phong II",
        "name:en": "VSIP Yen Phong II Industrial Park"
      },
      "geometry": {
        "type": "Polygon",
        "coordinates": [
          [
            [
              105.9269841,
              21.2314941
            ],
            [
              105.92589,
              21.230825
            ],
            [
              105.9234019,
              21.2288242
            ],
            [
              105.9205968,
              21.2263806
            ],
            [
              105.9198832,
              21.2255288
            ],
            [
              105.9197674,
              21.2252922
            ],
            [
              105.9193013,
              21.2241524
            ],
            [
              105.9191315,
              21.2234489
            ],
            [
              105.9187159,
              21.2218391
            ],
            [
              105.9180892,
              21.2204095
            ],
            [
              105.9177043,
              21.2192757
            ],
            [
              105.91732,
              21.217458
            ],
            [
              105.9171817,
              21.2162907
            ],
            [
              105.9197446,
              21.2165756
            ],
            [
              105.9209995,
              21.2169624
            ],
            [
              105.9261361,
              21.2184275
            ],
            [
              105.9263126,
              21.2180875
            ],
            [
              105.9264531,
              21.2179167
            ],
            [
              105.9266097,
              21.2177624
            ],
            [
              105.9269393,
              21.2175292
            ],
            [
              105.927451,
              21.2171593
            ],
            [
              105.9277373,
              21.2169558
            ],
            [
              105.9278756,
              21.2167832
            ],
            [
              105.9279956,
              21.2165794
            ],
            [
              105.928069,
              21.2163187
            ],
            [
              105.9280832,
              21.2160688
            ],
            [
              105.9278796,
              21.2146042
            ],
            [
              105.9276514,
              21.2134567
            ],
            [
              105.9274667,
              21.2124666
            ],
            [
              105.9277876,
              21.2123925
            ],
            [
              105.9277897,
              21.2123365
            ],
            [
              105.9278186,
              21.2123012
            ],
            [
              105.9279247,
              21.2122197
            ],
            [
              105.9280016,
              21.2120723
            ],
            [
              105.9279962,
              21.2119125
            ],
            [
              105.9281201,
              21.2117674
            ],
            [
              105.9284351,
              21.2115958
            ],
            [
              105.930456,
              21.2110877
            ],
            [
              105.9309039,
              21.2109812
            ],
            [
              105.9310348,
              21.2136383
            ],
            [
              105.9310599,
              21.2162288
            ],
            [
              105.9309856,
              21.2180332
            ],
            [
              105.9308007,
              21.219661
            ],
            [
              105.9305937,
              21.2207907
            ],
            [
              105.9301059,
              21.2225421
            ],
            [
              105.9292759,
              21.2249303
            ],
            [
              105.928855,
              21.2261625
            ],
            [
              105.9269841,
              21.2314941
            ]
          ]
        ]
      },
      "id": "way/1257183942"
    },
    {
      "type": "Feature",
      "properties": {
        "@id": "node/12282264506",
        "@relations": [
          {
            "role": "subarea",
            "rel": 19377767,
            "reltags": {
              "admin_level": "6",
              "boundary": "administrative",
              "name": "Phường Quế Võ",
              "name:en": "Que Vo Ward",
              "name:lzh": "桂武坊",
              "name:vi-Hani": "坊桂武",
              "name:zh": "桂武坊",
              "name:zh-Hans": "桂武坊",
              "name:zh-Hant": "桂武坊",
              "population": "40194",
              "population:date": "2025-07-01",
              "source:population": "gis.vn",
              "type": "boundary",
              "wikidata": "Q134980449",
              "wikipedia": "vi:Quế Võ"
            }
          }
        ]
      },
      "geometry": {
        "type": "Point",
        "coordinates": [
          106.1531898,
          21.1539068
        ]
      },
      "id": "node/12282264506"
    },
    {
      "type": "Feature",
      "properties": {
        "@id": "node/12282264504",
        "@relations": [
          {
            "role": "subarea",
            "rel": 19377767,
            "reltags": {
              "admin_level": "6",
              "boundary": "administrative",
              "name": "Phường Quế Võ",
              "name:en": "Que Vo Ward",
              "name:lzh": "桂武坊",
              "name:vi-Hani": "坊桂武",
              "name:zh": "桂武坊",
              "name:zh-Hans": "桂武坊",
              "name:zh-Hant": "桂武坊",
              "population": "40194",
              "population:date": "2025-07-01",
              "source:population": "gis.vn",
              "type": "boundary",
              "wikidata": "Q134980449",
              "wikipedia": "vi:Quế Võ"
            }
          }
        ]
      },
      "geometry": {
        "type": "Point",
        "coordinates": [
          106.1515667,
          21.1579031
        ]
      },
      "id": "node/12282264504"
    },
    {
      "type": "Feature",
      "properties": {
        "@id": "node/12282264503",
        "@relations": [
          {
            "role": "subarea",
            "rel": 19377767,
            "reltags": {
              "admin_level": "6",
              "boundary": "administrative",
              "name": "Phường Quế Võ",
              "name:en": "Que Vo Ward",
              "name:lzh": "桂武坊",
              "name:vi-Hani": "坊桂武",
              "name:zh": "桂武坊",
              "name:zh-Hans": "桂武坊",
              "name:zh-Hant": "桂武坊",
              "population": "40194",
              "population:date": "2025-07-01",
              "source:population": "gis.vn",
              "type": "boundary",
              "wikidata": "Q134980449",
              "wikipedia": "vi:Quế Võ"
            }
          }
        ]
      },
      "geometry": {
        "type": "Point",
        "coordinates": [
          106.1510772,
          21.1616053
        ]
      },
      "id": "node/12282264503"
    },
    {
      "type": "Feature",
      "properties": {
        "@id": "node/12282264505",
        "@relations": [
          {
            "role": "subarea",
            "rel": 19377767,
            "reltags": {
              "admin_level": "6",
              "boundary": "administrative",
              "name": "Phường Quế Võ",
              "name:en": "Que Vo Ward",
              "name:lzh": "桂武坊",
              "name:vi-Hani": "坊桂武",
              "name:zh": "桂武坊",
              "name:zh-Hans": "桂武坊",
              "name:zh-Hant": "桂武坊",
              "population": "40194",
              "population:date": "2025-07-01",
              "source:population": "gis.vn",
              "type": "boundary",
              "wikidata": "Q134980449",
              "wikipedia": "vi:Quế Võ"
            }
          }
        ]
      },
      "geometry": {
        "type": "Point",
        "coordinates": [
          106.1507295,
          21.1542879
        ]
      },
      "id": "node/12282264505"
    },
    {
      "type": "Feature",
      "properties": {
        "@id": "node/12282264507",
        "@relations": [
          {
            "role": "subarea",
            "rel": 19377767,
            "reltags": {
              "admin_level": "6",
              "boundary": "administrative",
              "name": "Phường Quế Võ",
              "name:en": "Que Vo Ward",
              "name:lzh": "桂武坊",
              "name:vi-Hani": "坊桂武",
              "name:zh": "桂武坊",
              "name:zh-Hans": "桂武坊",
              "name:zh-Hant": "桂武坊",
              "population": "40194",
              "population:date": "2025-07-01",
              "source:population": "gis.vn",
              "type": "boundary",
              "wikidata": "Q134980449",
              "wikipedia": "vi:Quế Võ"
            }
          }
        ]
      },
      "geometry": {
        "type": "Point",
        "coordinates": [
          106.1502109,
          21.1531111
        ]
      },
      "id": "node/12282264507"
    },
    {
      "type": "Feature",
      "properties": {
        "@id": "node/12348295707",
        "@relations": [
          {
            "role": "subarea",
            "rel": 19377767,
            "reltags": {
              "admin_level": "6",
              "boundary": "administrative",
              "name": "Phường Quế Võ",
              "name:en": "Que Vo Ward",
              "name:lzh": "桂武坊",
              "name:vi-Hani": "坊桂武",
              "name:zh": "桂武坊",
              "name:zh-Hans": "桂武坊",
              "name:zh-Hant": "桂武坊",
              "population": "40194",
              "population:date": "2025-07-01",
              "source:population": "gis.vn",
              "type": "boundary",
              "wikidata": "Q134980449",
              "wikipedia": "vi:Quế Võ"
            }
          }
        ]
      },
      "geometry": {
        "type": "Point",
        "coordinates": [
          106.1652038,
          21.1475684
        ]
      },
      "id": "node/12348295707"
    },
    {
      "type": "Feature",
      "properties": {
        "@id": "node/12282264513",
        "@relations": [
          {
            "role": "subarea",
            "rel": 19377767,
            "reltags": {
              "admin_level": "6",
              "boundary": "administrative",
              "name": "Phường Quế Võ",
              "name:en": "Que Vo Ward",
              "name:lzh": "桂武坊",
              "name:vi-Hani": "坊桂武",
              "name:zh": "桂武坊",
              "name:zh-Hans": "桂武坊",
              "name:zh-Hant": "桂武坊",
              "population": "40194",
              "population:date": "2025-07-01",
              "source:population": "gis.vn",
              "type": "boundary",
              "wikidata": "Q134980449",
              "wikipedia": "vi:Quế Võ"
            }
          }
        ]
      },
      "geometry": {
        "type": "Point",
        "coordinates": [
          106.1664787,
          21.1518045
        ]
      },
      "id": "node/12282264513"
    },
    {
      "type": "Feature",
      "properties": {
        "@id": "node/12282264610",
        "@relations": [
          {
            "role": "subarea",
            "rel": 19377767,
            "reltags": {
              "admin_level": "6",
              "boundary": "administrative",
              "name": "Phường Quế Võ",
              "name:en": "Que Vo Ward",
              "name:lzh": "桂武坊",
              "name:vi-Hani": "坊桂武",
              "name:zh": "桂武坊",
              "name:zh-Hans": "桂武坊",
              "name:zh-Hant": "桂武坊",
              "population": "40194",
              "population:date": "2025-07-01",
              "source:population": "gis.vn",
              "type": "boundary",
              "wikidata": "Q134980449",
              "wikipedia": "vi:Quế Võ"
            }
          }
        ]
      },
      "geometry": {
        "type": "Point",
        "coordinates": [
          106.1759362,
          21.1421876
        ]
      },
      "id": "node/12282264610"
    },
    {
      "type": "Feature",
      "properties": {
        "@id": "node/12282264609",
        "@relations": [
          {
            "role": "subarea",
            "rel": 19377767,
            "reltags": {
              "admin_level": "6",
              "boundary": "administrative",
              "name": "Phường Quế Võ",
              "name:en": "Que Vo Ward",
              "name:lzh": "桂武坊",
              "name:vi-Hani": "坊桂武",
              "name:zh": "桂武坊",
              "name:zh-Hans": "桂武坊",
              "name:zh-Hant": "桂武坊",
              "population": "40194",
              "population:date": "2025-07-01",
              "source:population": "gis.vn",
              "type": "boundary",
              "wikidata": "Q134980449",
              "wikipedia": "vi:Quế Võ"
            }
          }
        ]
      },
      "geometry": {
        "type": "Point",
        "coordinates": [
          106.1816349,
          21.1400671
        ]
      },
      "id": "node/12282264609"
    },
    {
      "type": "Feature",
      "properties": {
        "@id": "node/12282264514",
        "@relations": [
          {
            "role": "subarea",
            "rel": 19377767,
            "reltags": {
              "admin_level": "6",
              "boundary": "administrative",
              "name": "Phường Quế Võ",
              "name:en": "Que Vo Ward",
              "name:lzh": "桂武坊",
              "name:vi-Hani": "坊桂武",
              "name:zh": "桂武坊",
              "name:zh-Hans": "桂武坊",
              "name:zh-Hant": "桂武坊",
              "population": "40194",
              "population:date": "2025-07-01",
              "source:population": "gis.vn",
              "type": "boundary",
              "wikidata": "Q134980449",
              "wikipedia": "vi:Quế Võ"
            }
          }
        ]
      },
      "geometry": {
        "type": "Point",
        "coordinates": [
          106.1780542,
          21.1617235
        ]
      },
      "id": "node/12282264514"
    },
    {
      "type": "Feature",
      "properties": {
        "@id": "node/12282264515",
        "@relations": [
          {
            "role": "subarea",
            "rel": 19377767,
            "reltags": {
              "admin_level": "6",
              "boundary": "administrative",
              "name": "Phường Quế Võ",
              "name:en": "Que Vo Ward",
              "name:lzh": "桂武坊",
              "name:vi-Hani": "坊桂武",
              "name:zh": "桂武坊",
              "name:zh-Hans": "桂武坊",
              "name:zh-Hant": "桂武坊",
              "population": "40194",
              "population:date": "2025-07-01",
              "source:population": "gis.vn",
              "type": "boundary",
              "wikidata": "Q134980449",
              "wikipedia": "vi:Quế Võ"
            }
          }
        ]
      },
      "geometry": {
        "type": "Point",
        "coordinates": [
          106.1913632,
          21.1685957
        ]
      },
      "id": "node/12282264515"
    },
    {
      "type": "Feature",
      "properties": {
        "@id": "node/12282264520",
        "@relations": [
          {
            "role": "subarea",
            "rel": 19377767,
            "reltags": {
              "admin_level": "6",
              "boundary": "administrative",
              "name": "Phường Quế Võ",
              "name:en": "Que Vo Ward",
              "name:lzh": "桂武坊",
              "name:vi-Hani": "坊桂武",
              "name:zh": "桂武坊",
              "name:zh-Hans": "桂武坊",
              "name:zh-Hant": "桂武坊",
              "population": "40194",
              "population:date": "2025-07-01",
              "source:population": "gis.vn",
              "type": "boundary",
              "wikidata": "Q134980449",
              "wikipedia": "vi:Quế Võ"
            }
          }
        ]
      },
      "geometry": {
        "type": "Point",
        "coordinates": [
          106.1824658,
          21.1738328
        ]
      },
      "id": "node/12282264520"
    },
    {
      "type": "Feature",
      "properties": {
        "@id": "node/12282264516",
        "@relations": [
          {
            "role": "subarea",
            "rel": 19377767,
            "reltags": {
              "admin_level": "6",
              "boundary": "administrative",
              "name": "Phường Quế Võ",
              "name:en": "Que Vo Ward",
              "name:lzh": "桂武坊",
              "name:vi-Hani": "坊桂武",
              "name:zh": "桂武坊",
              "name:zh-Hans": "桂武坊",
              "name:zh-Hant": "桂武坊",
              "population": "40194",
              "population:date": "2025-07-01",
              "source:population": "gis.vn",
              "type": "boundary",
              "wikidata": "Q134980449",
              "wikipedia": "vi:Quế Võ"
            }
          }
        ]
      },
      "geometry": {
        "type": "Point",
        "coordinates": [
          106.1948894,
          21.1788624
        ]
      },
      "id": "node/12282264516"
    },
    {
      "type": "Feature",
      "properties": {
        "@id": "node/12282264517",
        "@relations": [
          {
            "role": "subarea",
            "rel": 19377767,
            "reltags": {
              "admin_level": "6",
              "boundary": "administrative",
              "name": "Phường Quế Võ",
              "name:en": "Que Vo Ward",
              "name:lzh": "桂武坊",
              "name:vi-Hani": "坊桂武",
              "name:zh": "桂武坊",
              "name:zh-Hans": "桂武坊",
              "name:zh-Hant": "桂武坊",
              "population": "40194",
              "population:date": "2025-07-01",
              "source:population": "gis.vn",
              "type": "boundary",
              "wikidata": "Q134980449",
              "wikipedia": "vi:Quế Võ"
            }
          }
        ]
      },
      "geometry": {
        "type": "Point",
        "coordinates": [
          106.2062059,
          21.1744277
        ]
      },
      "id": "node/12282264517"
    },
    {
      "type": "Feature",
      "properties": {
        "@id": "node/12282264518",
        "@relations": [
          {
            "role": "subarea",
            "rel": 19377767,
            "reltags": {
              "admin_level": "6",
              "boundary": "administrative",
              "name": "Phường Quế Võ",
              "name:en": "Que Vo Ward",
              "name:lzh": "桂武坊",
              "name:vi-Hani": "坊桂武",
              "name:zh": "桂武坊",
              "name:zh-Hans": "桂武坊",
              "name:zh-Hant": "桂武坊",
              "population": "40194",
              "population:date": "2025-07-01",
              "source:population": "gis.vn",
              "type": "boundary",
              "wikidata": "Q134980449",
              "wikipedia": "vi:Quế Võ"
            }
          }
        ]
      },
      "geometry": {
        "type": "Point",
        "coordinates": [
          106.2174368,
          21.1745145
        ]
      },
      "id": "node/12282264518"
    },
    {
      "type": "Feature",
      "properties": {
        "@id": "node/12451326739",
        "@relations": [
          {
            "role": "subarea",
            "rel": 19377767,
            "reltags": {
              "admin_level": "6",
              "boundary": "administrative",
              "name": "Phường Quế Võ",
              "name:en": "Que Vo Ward",
              "name:lzh": "桂武坊",
              "name:vi-Hani": "坊桂武",
              "name:zh": "桂武坊",
              "name:zh-Hans": "桂武坊",
              "name:zh-Hant": "桂武坊",
              "population": "40194",
              "population:date": "2025-07-01",
              "source:population": "gis.vn",
              "type": "boundary",
              "wikidata": "Q134980449",
              "wikipedia": "vi:Quế Võ"
            }
          }
        ]
      },
      "geometry": {
        "type": "Point",
        "coordinates": [
          106.1681395,
          21.1686969
        ]
      },
      "id": "node/12451326739"
    },
    {
      "type": "Feature",
      "properties": {
        "@id": "node/12451326737",
        "@relations": [
          {
            "role": "subarea",
            "rel": 19377767,
            "reltags": {
              "admin_level": "6",
              "boundary": "administrative",
              "name": "Phường Quế Võ",
              "name:en": "Que Vo Ward",
              "name:lzh": "桂武坊",
              "name:vi-Hani": "坊桂武",
              "name:zh": "桂武坊",
              "name:zh-Hans": "桂武坊",
              "name:zh-Hant": "桂武坊",
              "population": "40194",
              "population:date": "2025-07-01",
              "source:population": "gis.vn",
              "type": "boundary",
              "wikidata": "Q134980449",
              "wikipedia": "vi:Quế Võ"
            }
          }
        ]
      },
      "geometry": {
        "type": "Point",
        "coordinates": [
          106.1664742,
          21.1711858
        ]
      },
      "id": "node/12451326737"
    },
    {
      "type": "Feature",
      "properties": {
        "@id": "node/12451326740",
        "@relations": [
          {
            "role": "subarea",
            "rel": 19377767,
            "reltags": {
              "admin_level": "6",
              "boundary": "administrative",
              "name": "Phường Quế Võ",
              "name:en": "Que Vo Ward",
              "name:lzh": "桂武坊",
              "name:vi-Hani": "坊桂武",
              "name:zh": "桂武坊",
              "name:zh-Hans": "桂武坊",
              "name:zh-Hant": "桂武坊",
              "population": "40194",
              "population:date": "2025-07-01",
              "source:population": "gis.vn",
              "type": "boundary",
              "wikidata": "Q134980449",
              "wikipedia": "vi:Quế Võ"
            }
          }
        ]
      },
      "geometry": {
        "type": "Point",
        "coordinates": [
          106.1673711,
          21.173626
        ]
      },
      "id": "node/12451326740"
    },
    {
      "type": "Feature",
      "properties": {
        "@id": "node/12451326738",
        "@relations": [
          {
            "role": "subarea",
            "rel": 19377767,
            "reltags": {
              "admin_level": "6",
              "boundary": "administrative",
              "name": "Phường Quế Võ",
              "name:en": "Que Vo Ward",
              "name:lzh": "桂武坊",
              "name:vi-Hani": "坊桂武",
              "name:zh": "桂武坊",
              "name:zh-Hans": "桂武坊",
              "name:zh-Hant": "桂武坊",
              "population": "40194",
              "population:date": "2025-07-01",
              "source:population": "gis.vn",
              "type": "boundary",
              "wikidata": "Q134980449",
              "wikipedia": "vi:Quế Võ"
            }
          }
        ]
      },
      "geometry": {
        "type": "Point",
        "coordinates": [
          106.1628341,
          21.1711145
        ]
      },
      "id": "node/12451326738"
    },
    {
      "type": "Feature",
      "properties": {
        "@id": "node/12282264519",
        "@relations": [
          {
            "role": "subarea",
            "rel": 19377767,
            "reltags": {
              "admin_level": "6",
              "boundary": "administrative",
              "name": "Phường Quế Võ",
              "name:en": "Que Vo Ward",
              "name:lzh": "桂武坊",
              "name:vi-Hani": "坊桂武",
              "name:zh": "桂武坊",
              "name:zh-Hans": "桂武坊",
              "name:zh-Hant": "桂武坊",
              "population": "40194",
              "population:date": "2025-07-01",
              "source:population": "gis.vn",
              "type": "boundary",
              "wikidata": "Q134980449",
              "wikipedia": "vi:Quế Võ"
            }
          }
        ]
      },
      "geometry": {
        "type": "Point",
        "coordinates": [
          106.1540788,
          21.1664556
        ]
      },
      "id": "node/12282264519"
    },
    {
      "type": "Feature",
      "properties": {
        "@id": "node/12413008963",
        "@relations": [
          {
            "role": "subarea",
            "rel": 19377767,
            "reltags": {
              "admin_level": "6",
              "boundary": "administrative",
              "name": "Phường Quế Võ",
              "name:en": "Que Vo Ward",
              "name:lzh": "桂武坊",
              "name:vi-Hani": "坊桂武",
              "name:zh": "桂武坊",
              "name:zh-Hans": "桂武坊",
              "name:zh-Hant": "桂武坊",
              "population": "40194",
              "population:date": "2025-07-01",
              "source:population": "gis.vn",
              "type": "boundary",
              "wikidata": "Q134980449",
              "wikipedia": "vi:Quế Võ"
            }
          }
        ]
      },
      "geometry": {
        "type": "Point",
        "coordinates": [
          106.1497204,
          21.1706559
        ]
      },
      "id": "node/12413008963"
    },
    {
      "type": "Feature",
      "properties": {
        "@id": "node/12282264512",
        "@relations": [
          {
            "role": "subarea",
            "rel": 19377767,
            "reltags": {
              "admin_level": "6",
              "boundary": "administrative",
              "name": "Phường Quế Võ",
              "name:en": "Que Vo Ward",
              "name:lzh": "桂武坊",
              "name:vi-Hani": "坊桂武",
              "name:zh": "桂武坊",
              "name:zh-Hans": "桂武坊",
              "name:zh-Hant": "桂武坊",
              "population": "40194",
              "population:date": "2025-07-01",
              "source:population": "gis.vn",
              "type": "boundary",
              "wikidata": "Q134980449",
              "wikipedia": "vi:Quế Võ"
            }
          }
        ]
      },
      "geometry": {
        "type": "Point",
        "coordinates": [
          106.1589662,
          21.1443577
        ]
      },
      "id": "node/12282264512"
    },
    {
      "type": "Feature",
      "properties": {
        "@id": "node/12324842250",
        "@relations": [
          {
            "role": "subarea",
            "rel": 19377767,
            "reltags": {
              "admin_level": "6",
              "boundary": "administrative",
              "name": "Phường Quế Võ",
              "name:en": "Que Vo Ward",
              "name:lzh": "桂武坊",
              "name:vi-Hani": "坊桂武",
              "name:zh": "桂武坊",
              "name:zh-Hans": "桂武坊",
              "name:zh-Hant": "桂武坊",
              "population": "40194",
              "population:date": "2025-07-01",
              "source:population": "gis.vn",
              "type": "boundary",
              "wikidata": "Q134980449",
              "wikipedia": "vi:Quế Võ"
            }
          }
        ]
      },
      "geometry": {
        "type": "Point",
        "coordinates": [
          106.15751,
          21.1477271
        ]
      },
      "id": "node/12324842250"
    },
    {
      "type": "Feature",
      "properties": {
        "@id": "node/12323732136",
        "@relations": [
          {
            "role": "subarea",
            "rel": 19377767,
            "reltags": {
              "admin_level": "6",
              "boundary": "administrative",
              "name": "Phường Quế Võ",
              "name:en": "Que Vo Ward",
              "name:lzh": "桂武坊",
              "name:vi-Hani": "坊桂武",
              "name:zh": "桂武坊",
              "name:zh-Hans": "桂武坊",
              "name:zh-Hant": "桂武坊",
              "population": "40194",
              "population:date": "2025-07-01",
              "source:population": "gis.vn",
              "type": "boundary",
              "wikidata": "Q134980449",
              "wikipedia": "vi:Quế Võ"
            }
          }
        ]
      },
      "geometry": {
        "type": "Point",
        "coordinates": [
          106.1588953,
          21.1503426
        ]
      },
      "id": "node/12323732136"
    },
    {
      "type": "Feature",
      "properties": {
        "@id": "node/12323732137",
        "@relations": [
          {
            "role": "subarea",
            "rel": 19377767,
            "reltags": {
              "admin_level": "6",
              "boundary": "administrative",
              "name": "Phường Quế Võ",
              "name:en": "Que Vo Ward",
              "name:lzh": "桂武坊",
              "name:vi-Hani": "坊桂武",
              "name:zh": "桂武坊",
              "name:zh-Hans": "桂武坊",
              "name:zh-Hant": "桂武坊",
              "population": "40194",
              "population:date": "2025-07-01",
              "source:population": "gis.vn",
              "type": "boundary",
              "wikidata": "Q134980449",
              "wikipedia": "vi:Quế Võ"
            }
          }
        ]
      },
      "geometry": {
        "type": "Point",
        "coordinates": [
          106.1551283,
          21.1489446
        ]
      },
      "id": "node/12323732137"
    },
    {
      "type": "Feature",
      "properties": {
        "@id": "node/13016905279",
        "@relations": [
          {
            "role": "label",
            "rel": 19377767,
            "reltags": {
              "admin_level": "6",
              "boundary": "administrative",
              "name": "Phường Quế Võ",
              "name:en": "Que Vo Ward",
              "name:lzh": "桂武坊",
              "name:vi-Hani": "坊桂武",
              "name:zh": "桂武坊",
              "name:zh-Hans": "桂武坊",
              "name:zh-Hant": "桂武坊",
              "population": "40194",
              "population:date": "2025-07-01",
              "source:population": "gis.vn",
              "type": "boundary",
              "wikidata": "Q134980449",
              "wikipedia": "vi:Quế Võ"
            }
          }
        ]
      },
      "geometry": {
        "type": "Point",
        "coordinates": [
          106.152623,
          21.1504252
        ]
      },
      "id": "node/13016905279"
    },
    {
      "type": "Feature",
      "properties": {
        "@id": "node/12477856473",
        "@relations": [
          {
            "role": "label",
            "rel": 19425634,
            "reltags": {
              "admin_level": "6",
              "boundary": "administrative",
              "name": "Phường Yên Phong",
              "name:en": "Yen Phong Ward",
              "name:lzh": "安豐社",
              "name:vi-Hani": "社安豐",
              "name:zh": "安豐社",
              "name:zh-Hans": "安丰社",
              "name:zh-Hant": "安豐社",
              "type": "boundary",
              "wikidata": "Q135180052",
              "wikipedia": "vi:Yên Phong, Bắc Ninh"
            }
          }
        ]
      },
      "geometry": {
        "type": "Point",
        "coordinates": [
          105.9506999,
          21.2000171
        ]
      },
      "id": "node/12477856473"
    },
    {
      "type": "Feature",
      "properties": {
        "@id": "node/12550455415",
        "@relations": [
          {
            "role": "subarea",
            "rel": 19425634,
            "reltags": {
              "admin_level": "6",
              "boundary": "administrative",
              "name": "Phường Yên Phong",
              "name:en": "Yen Phong Ward",
              "name:lzh": "安豐社",
              "name:vi-Hani": "社安豐",
              "name:zh": "安豐社",
              "name:zh-Hans": "安丰社",
              "name:zh-Hant": "安豐社",
              "type": "boundary",
              "wikidata": "Q135180052",
              "wikipedia": "vi:Yên Phong, Bắc Ninh"
            }
          }
        ]
      },
      "geometry": {
        "type": "Point",
        "coordinates": [
          105.9494947,
          21.2098371
        ]
      },
      "id": "node/12550455415"
    },
    {
      "type": "Feature",
      "properties": {
        "@id": "node/12299846100",
        "@relations": [
          {
            "role": "subarea",
            "rel": 19425634,
            "reltags": {
              "admin_level": "6",
              "boundary": "administrative",
              "name": "Phường Yên Phong",
              "name:en": "Yen Phong Ward",
              "name:lzh": "安豐社",
              "name:vi-Hani": "社安豐",
              "name:zh": "安豐社",
              "name:zh-Hans": "安丰社",
              "name:zh-Hant": "安豐社",
              "type": "boundary",
              "wikidata": "Q135180052",
              "wikipedia": "vi:Yên Phong, Bắc Ninh"
            }
          }
        ]
      },
      "geometry": {
        "type": "Point",
        "coordinates": [
          105.9654109,
          21.1846786
        ]
      },
      "id": "node/12299846100"
    },
    {
      "type": "Feature",
      "properties": {
        "@id": "node/12299846099",
        "@relations": [
          {
            "role": "subarea",
            "rel": 19425634,
            "reltags": {
              "admin_level": "6",
              "boundary": "administrative",
              "name": "Phường Yên Phong",
              "name:en": "Yen Phong Ward",
              "name:lzh": "安豐社",
              "name:vi-Hani": "社安豐",
              "name:zh": "安豐社",
              "name:zh-Hans": "安丰社",
              "name:zh-Hant": "安豐社",
              "type": "boundary",
              "wikidata": "Q135180052",
              "wikipedia": "vi:Yên Phong, Bắc Ninh"
            }
          }
        ]
      },
      "geometry": {
        "type": "Point",
        "coordinates": [
          105.9626589,
          21.188892
        ]
      },
      "id": "node/12299846099"
    },
    {
      "type": "Feature",
      "properties": {
        "@id": "node/12550455417",
        "@relations": [
          {
            "role": "subarea",
            "rel": 19425634,
            "reltags": {
              "admin_level": "6",
              "boundary": "administrative",
              "name": "Phường Yên Phong",
              "name:en": "Yen Phong Ward",
              "name:lzh": "安豐社",
              "name:vi-Hani": "社安豐",
              "name:zh": "安豐社",
              "name:zh-Hans": "安丰社",
              "name:zh-Hant": "安豐社",
              "type": "boundary",
              "wikidata": "Q135180052",
              "wikipedia": "vi:Yên Phong, Bắc Ninh"
            }
          }
        ]
      },
      "geometry": {
        "type": "Point",
        "coordinates": [
          105.9550103,
          21.1918154
        ]
      },
      "id": "node/12550455417"
    },
    {
      "type": "Feature",
      "properties": {
        "@id": "node/12550455414",
        "@relations": [
          {
            "role": "subarea",
            "rel": 19425634,
            "reltags": {
              "admin_level": "6",
              "boundary": "administrative",
              "name": "Phường Yên Phong",
              "name:en": "Yen Phong Ward",
              "name:lzh": "安豐社",
              "name:vi-Hani": "社安豐",
              "name:zh": "安豐社",
              "name:zh-Hans": "安丰社",
              "name:zh-Hant": "安豐社",
              "type": "boundary",
              "wikidata": "Q135180052",
              "wikipedia": "vi:Yên Phong, Bắc Ninh"
            }
          }
        ]
      },
      "geometry": {
        "type": "Point",
        "coordinates": [
          105.9522601,
          21.1922754
        ]
      },
      "id": "node/12550455414"
    },
    {
      "type": "Feature",
      "properties": {
        "@id": "node/12550455418",
        "@relations": [
          {
            "role": "subarea",
            "rel": 19425634,
            "reltags": {
              "admin_level": "6",
              "boundary": "administrative",
              "name": "Phường Yên Phong",
              "name:en": "Yen Phong Ward",
              "name:lzh": "安豐社",
              "name:vi-Hani": "社安豐",
              "name:zh": "安豐社",
              "name:zh-Hans": "安丰社",
              "name:zh-Hant": "安豐社",
              "type": "boundary",
              "wikidata": "Q135180052",
              "wikipedia": "vi:Yên Phong, Bắc Ninh"
            }
          }
        ]
      },
      "geometry": {
        "type": "Point",
        "coordinates": [
          105.9566071,
          21.196368
        ]
      },
      "id": "node/12550455418"
    },
    {
      "type": "Feature",
      "properties": {
        "@id": "node/12550455426",
        "@relations": [
          {
            "role": "subarea",
            "rel": 19425634,
            "reltags": {
              "admin_level": "6",
              "boundary": "administrative",
              "name": "Phường Yên Phong",
              "name:en": "Yen Phong Ward",
              "name:lzh": "安豐社",
              "name:vi-Hani": "社安豐",
              "name:zh": "安豐社",
              "name:zh-Hans": "安丰社",
              "name:zh-Hant": "安豐社",
              "type": "boundary",
              "wikidata": "Q135180052",
              "wikipedia": "vi:Yên Phong, Bắc Ninh"
            }
          }
        ]
      },
      "geometry": {
        "type": "Point",
        "coordinates": [
          105.9789153,
          21.1915907
        ]
      },
      "id": "node/12550455426"
    },
    {
      "type": "Feature",
      "properties": {
        "@id": "node/12550455427",
        "@relations": [
          {
            "role": "subarea",
            "rel": 19425634,
            "reltags": {
              "admin_level": "6",
              "boundary": "administrative",
              "name": "Phường Yên Phong",
              "name:en": "Yen Phong Ward",
              "name:lzh": "安豐社",
              "name:vi-Hani": "社安豐",
              "name:zh": "安豐社",
              "name:zh-Hans": "安丰社",
              "name:zh-Hant": "安豐社",
              "type": "boundary",
              "wikidata": "Q135180052",
              "wikipedia": "vi:Yên Phong, Bắc Ninh"
            }
          }
        ]
      },
      "geometry": {
        "type": "Point",
        "coordinates": [
          105.9992185,
          21.1903092
        ]
      },
      "id": "node/12550455427"
    },
    {
      "type": "Feature",
      "properties": {
        "@id": "node/12477788260",
        "@relations": [
          {
            "role": "subarea",
            "rel": 19425634,
            "reltags": {
              "admin_level": "6",
              "boundary": "administrative",
              "name": "Phường Yên Phong",
              "name:en": "Yen Phong Ward",
              "name:lzh": "安豐社",
              "name:vi-Hani": "社安豐",
              "name:zh": "安豐社",
              "name:zh-Hans": "安丰社",
              "name:zh-Hant": "安豐社",
              "type": "boundary",
              "wikidata": "Q135180052",
              "wikipedia": "vi:Yên Phong, Bắc Ninh"
            }
          }
        ]
      },
      "geometry": {
        "type": "Point",
        "coordinates": [
          105.9953613,
          21.1921285
        ]
      },
      "id": "node/12477788260"
    },
    {
      "type": "Feature",
      "properties": {
        "@id": "node/12550455425",
        "@relations": [
          {
            "role": "subarea",
            "rel": 19425634,
            "reltags": {
              "admin_level": "6",
              "boundary": "administrative",
              "name": "Phường Yên Phong",
              "name:en": "Yen Phong Ward",
              "name:lzh": "安豐社",
              "name:vi-Hani": "社安豐",
              "name:zh": "安豐社",
              "name:zh-Hans": "安丰社",
              "name:zh-Hant": "安豐社",
              "type": "boundary",
              "wikidata": "Q135180052",
              "wikipedia": "vi:Yên Phong, Bắc Ninh"
            }
          }
        ]
      },
      "geometry": {
        "type": "Point",
        "coordinates": [
          105.9897782,
          21.1943926
        ]
      },
      "id": "node/12550455425"
    },
    {
      "type": "Feature",
      "properties": {
        "@id": "node/12550455405",
        "@relations": [
          {
            "role": "subarea",
            "rel": 19425634,
            "reltags": {
              "admin_level": "6",
              "boundary": "administrative",
              "name": "Phường Yên Phong",
              "name:en": "Yen Phong Ward",
              "name:lzh": "安豐社",
              "name:vi-Hani": "社安豐",
              "name:zh": "安豐社",
              "name:zh-Hans": "安丰社",
              "name:zh-Hant": "安豐社",
              "type": "boundary",
              "wikidata": "Q135180052",
              "wikipedia": "vi:Yên Phong, Bắc Ninh"
            }
          }
        ]
      },
      "geometry": {
        "type": "Point",
        "coordinates": [
          105.9779615,
          21.2058552
        ]
      },
      "id": "node/12550455405"
    },
    {
      "type": "Feature",
      "properties": {
        "@id": "node/12550455421",
        "@relations": [
          {
            "role": "subarea",
            "rel": 19425634,
            "reltags": {
              "admin_level": "6",
              "boundary": "administrative",
              "name": "Phường Yên Phong",
              "name:en": "Yen Phong Ward",
              "name:lzh": "安豐社",
              "name:vi-Hani": "社安豐",
              "name:zh": "安豐社",
              "name:zh-Hans": "安丰社",
              "name:zh-Hant": "安豐社",
              "type": "boundary",
              "wikidata": "Q135180052",
              "wikipedia": "vi:Yên Phong, Bắc Ninh"
            }
          }
        ]
      },
      "geometry": {
        "type": "Point",
        "coordinates": [
          105.9719062,
          21.2214661
        ]
      },
      "id": "node/12550455421"
    },
    {
      "type": "Feature",
      "properties": {
        "@id": "node/12550455422",
        "@relations": [
          {
            "role": "subarea",
            "rel": 19425634,
            "reltags": {
              "admin_level": "6",
              "boundary": "administrative",
              "name": "Phường Yên Phong",
              "name:en": "Yen Phong Ward",
              "name:lzh": "安豐社",
              "name:vi-Hani": "社安豐",
              "name:zh": "安豐社",
              "name:zh-Hans": "安丰社",
              "name:zh-Hant": "安豐社",
              "type": "boundary",
              "wikidata": "Q135180052",
              "wikipedia": "vi:Yên Phong, Bắc Ninh"
            }
          }
        ]
      },
      "geometry": {
        "type": "Point",
        "coordinates": [
          105.9679536,
          21.2224479
        ]
      },
      "id": "node/12550455422"
    },
    {
      "type": "Feature",
      "properties": {
        "@id": "node/12550455423",
        "@relations": [
          {
            "role": "subarea",
            "rel": 19425634,
            "reltags": {
              "admin_level": "6",
              "boundary": "administrative",
              "name": "Phường Yên Phong",
              "name:en": "Yen Phong Ward",
              "name:lzh": "安豐社",
              "name:vi-Hani": "社安豐",
              "name:zh": "安豐社",
              "name:zh-Hans": "安丰社",
              "name:zh-Hant": "安豐社",
              "type": "boundary",
              "wikidata": "Q135180052",
              "wikipedia": "vi:Yên Phong, Bắc Ninh"
            }
          }
        ]
      },
      "geometry": {
        "type": "Point",
        "coordinates": [
          105.9747829,
          21.2157439
        ]
      },
      "id": "node/12550455423"
    },
    {
      "type": "Feature",
      "properties": {
        "@id": "node/12550455424",
        "@relations": [
          {
            "role": "subarea",
            "rel": 19425634,
            "reltags": {
              "admin_level": "6",
              "boundary": "administrative",
              "name": "Phường Yên Phong",
              "name:en": "Yen Phong Ward",
              "name:lzh": "安豐社",
              "name:vi-Hani": "社安豐",
              "name:zh": "安豐社",
              "name:zh-Hans": "安丰社",
              "name:zh-Hant": "安豐社",
              "type": "boundary",
              "wikidata": "Q135180052",
              "wikipedia": "vi:Yên Phong, Bắc Ninh"
            }
          }
        ]
      },
      "geometry": {
        "type": "Point",
        "coordinates": [
          105.9689503,
          21.2156383
        ]
      },
      "id": "node/12550455424"
    },
    {
      "type": "Feature",
      "properties": {
        "@id": "node/12299846101",
        "@relations": [
          {
            "role": "subarea",
            "rel": 19425634,
            "reltags": {
              "admin_level": "6",
              "boundary": "administrative",
              "name": "Phường Yên Phong",
              "name:en": "Yen Phong Ward",
              "name:lzh": "安豐社",
              "name:vi-Hani": "社安豐",
              "name:zh": "安豐社",
              "name:zh-Hans": "安丰社",
              "name:zh-Hant": "安豐社",
              "type": "boundary",
              "wikidata": "Q135180052",
              "wikipedia": "vi:Yên Phong, Bắc Ninh"
            }
          }
        ]
      },
      "geometry": {
        "type": "Point",
        "coordinates": [
          105.9705524,
          21.1749463
        ]
      },
      "id": "node/12299846101"
    },
    {
      "type": "Feature",
      "properties": {
        "@id": "node/12299846102",
        "@relations": [
          {
            "role": "subarea",
            "rel": 19425634,
            "reltags": {
              "admin_level": "6",
              "boundary": "administrative",
              "name": "Phường Yên Phong",
              "name:en": "Yen Phong Ward",
              "name:lzh": "安豐社",
              "name:vi-Hani": "社安豐",
              "name:zh": "安豐社",
              "name:zh-Hans": "安丰社",
              "name:zh-Hant": "安豐社",
              "type": "boundary",
              "wikidata": "Q135180052",
              "wikipedia": "vi:Yên Phong, Bắc Ninh"
            }
          }
        ]
      },
      "geometry": {
        "type": "Point",
        "coordinates": [
          105.9714622,
          21.167839
        ]
      },
      "id": "node/12299846102"
    },
    {
      "type": "Feature",
      "properties": {
        "@id": "node/12478146216",
        "@relations": [
          {
            "role": "subarea",
            "rel": 19425634,
            "reltags": {
              "admin_level": "6",
              "boundary": "administrative",
              "name": "Phường Yên Phong",
              "name:en": "Yen Phong Ward",
              "name:lzh": "安豐社",
              "name:vi-Hani": "社安豐",
              "name:zh": "安豐社",
              "name:zh-Hans": "安丰社",
              "name:zh-Hant": "安豐社",
              "type": "boundary",
              "wikidata": "Q135180052",
              "wikipedia": "vi:Yên Phong, Bắc Ninh"
            }
          }
        ]
      },
      "geometry": {
        "type": "Point",
        "coordinates": [
          105.965225,
          21.21124
        ]
      },
      "id": "node/12478146216"
    },
    {
      "type": "Feature",
      "properties": {
        "@id": "node/12301996743",
        "@relations": [
          {
            "role": "label",
            "rel": 19425635,
            "reltags": {
              "admin_level": "6",
              "boundary": "administrative",
              "name": "Phường Tiên Du",
              "name:en": "Tien Du Ward",
              "name:lzh": "仙遊社",
              "name:vi-Hani": "社仙遊",
              "name:zh": "仙遊社",
              "name:zh-Hans": "仙游社",
              "name:zh-Hant": "仙遊社",
              "type": "boundary",
              "wikidata": "Q135153259",
              "wikipedia": "vi:Tiên Du"
            }
          }
        ]
      },
      "geometry": {
        "type": "Point",
        "coordinates": [
          106.0138026,
          21.1573477
        ]
      },
      "id": "node/12301996743"
    },
    {
      "type": "Feature",
      "properties": {
        "@id": "node/12299846098",
        "@relations": [
          {
            "role": "subarea",
            "rel": 19425635,
            "reltags": {
              "admin_level": "6",
              "boundary": "administrative",
              "name": "Phường Tiên Du",
              "name:en": "Tien Du Ward",
              "name:lzh": "仙遊社",
              "name:vi-Hani": "社仙遊",
              "name:zh": "仙遊社",
              "name:zh-Hans": "仙游社",
              "name:zh-Hant": "仙遊社",
              "type": "boundary",
              "wikidata": "Q135153259",
              "wikipedia": "vi:Tiên Du"
            }
          }
        ]
      },
      "geometry": {
        "type": "Point",
        "coordinates": [
          105.9806481,
          21.1694985
        ]
      },
      "id": "node/12299846098"
    },
    {
      "type": "Feature",
      "properties": {
        "@id": "node/12299846095",
        "@relations": [
          {
            "role": "subarea",
            "rel": 19425635,
            "reltags": {
              "admin_level": "6",
              "boundary": "administrative",
              "name": "Phường Tiên Du",
              "name:en": "Tien Du Ward",
              "name:lzh": "仙遊社",
              "name:vi-Hani": "社仙遊",
              "name:zh": "仙遊社",
              "name:zh-Hans": "仙游社",
              "name:zh-Hant": "仙遊社",
              "type": "boundary",
              "wikidata": "Q135153259",
              "wikipedia": "vi:Tiên Du"
            }
          }
        ]
      },
      "geometry": {
        "type": "Point",
        "coordinates": [
          105.9927323,
          21.1720463
        ]
      },
      "id": "node/12299846095"
    },
    {
      "type": "Feature",
      "properties": {
        "@id": "node/12299846097",
        "@relations": [
          {
            "role": "subarea",
            "rel": 19425635,
            "reltags": {
              "admin_level": "6",
              "boundary": "administrative",
              "name": "Phường Tiên Du",
              "name:en": "Tien Du Ward",
              "name:lzh": "仙遊社",
              "name:vi-Hani": "社仙遊",
              "name:zh": "仙遊社",
              "name:zh-Hans": "仙游社",
              "name:zh-Hant": "仙遊社",
              "type": "boundary",
              "wikidata": "Q135153259",
              "wikipedia": "vi:Tiên Du"
            }
          }
        ]
      },
      "geometry": {
        "type": "Point",
        "coordinates": [
          106.0001138,
          21.1687008
        ]
      },
      "id": "node/12299846097"
    },
    {
      "type": "Feature",
      "properties": {
        "@id": "node/12299846096",
        "@relations": [
          {
            "role": "subarea",
            "rel": 19425635,
            "reltags": {
              "admin_level": "6",
              "boundary": "administrative",
              "name": "Phường Tiên Du",
              "name:en": "Tien Du Ward",
              "name:lzh": "仙遊社",
              "name:vi-Hani": "社仙遊",
              "name:zh": "仙遊社",
              "name:zh-Hans": "仙游社",
              "name:zh-Hant": "仙遊社",
              "type": "boundary",
              "wikidata": "Q135153259",
              "wikipedia": "vi:Tiên Du"
            }
          }
        ]
      },
      "geometry": {
        "type": "Point",
        "coordinates": [
          106.0041135,
          21.1744314
        ]
      },
      "id": "node/12299846096"
    },
    {
      "type": "Feature",
      "properties": {
        "@id": "node/12279008975",
        "@relations": [
          {
            "role": "subarea",
            "rel": 19425635,
            "reltags": {
              "admin_level": "6",
              "boundary": "administrative",
              "name": "Phường Tiên Du",
              "name:en": "Tien Du Ward",
              "name:lzh": "仙遊社",
              "name:vi-Hani": "社仙遊",
              "name:zh": "仙遊社",
              "name:zh-Hans": "仙游社",
              "name:zh-Hant": "仙遊社",
              "type": "boundary",
              "wikidata": "Q135153259",
              "wikipedia": "vi:Tiên Du"
            }
          }
        ]
      },
      "geometry": {
        "type": "Point",
        "coordinates": [
          106.0230411,
          21.1668004
        ]
      },
      "id": "node/12279008975"
    },
    {
      "type": "Feature",
      "properties": {
        "@id": "node/12301996744",
        "@relations": [
          {
            "role": "subarea",
            "rel": 19425635,
            "reltags": {
              "admin_level": "6",
              "boundary": "administrative",
              "name": "Phường Tiên Du",
              "name:en": "Tien Du Ward",
              "name:lzh": "仙遊社",
              "name:vi-Hani": "社仙遊",
              "name:zh": "仙遊社",
              "name:zh-Hans": "仙游社",
              "name:zh-Hant": "仙遊社",
              "type": "boundary",
              "wikidata": "Q135153259",
              "wikipedia": "vi:Tiên Du"
            }
          }
        ]
      },
      "geometry": {
        "type": "Point",
        "coordinates": [
          106.0168572,
          21.1569047
        ]
      },
      "id": "node/12301996744"
    },
    {
      "type": "Feature",
      "properties": {
        "@id": "node/6109327040",
        "@relations": [
          {
            "role": "subarea",
            "rel": 19425635,
            "reltags": {
              "admin_level": "6",
              "boundary": "administrative",
              "name": "Phường Tiên Du",
              "name:en": "Tien Du Ward",
              "name:lzh": "仙遊社",
              "name:vi-Hani": "社仙遊",
              "name:zh": "仙遊社",
              "name:zh-Hans": "仙游社",
              "name:zh-Hant": "仙遊社",
              "type": "boundary",
              "wikidata": "Q135153259",
              "wikipedia": "vi:Tiên Du"
            }
          }
        ]
      },
      "geometry": {
        "type": "Point",
        "coordinates": [
          106.0035932,
          21.1362806
        ]
      },
      "id": "node/6109327040"
    },
    {
      "type": "Feature",
      "properties": {
        "@id": "node/6115773431",
        "@relations": [
          {
            "role": "subarea",
            "rel": 19425635,
            "reltags": {
              "admin_level": "6",
              "boundary": "administrative",
              "name": "Phường Tiên Du",
              "name:en": "Tien Du Ward",
              "name:lzh": "仙遊社",
              "name:vi-Hani": "社仙遊",
              "name:zh": "仙遊社",
              "name:zh-Hans": "仙游社",
              "name:zh-Hant": "仙遊社",
              "type": "boundary",
              "wikidata": "Q135153259",
              "wikipedia": "vi:Tiên Du"
            }
          }
        ]
      },
      "geometry": {
        "type": "Point",
        "coordinates": [
          106.0161065,
          21.1374898
        ]
      },
      "id": "node/6115773431"
    },
    {
      "type": "Feature",
      "properties": {
        "@id": "node/6109326742",
        "@relations": [
          {
            "role": "subarea",
            "rel": 19425635,
            "reltags": {
              "admin_level": "6",
              "boundary": "administrative",
              "name": "Phường Tiên Du",
              "name:en": "Tien Du Ward",
              "name:lzh": "仙遊社",
              "name:vi-Hani": "社仙遊",
              "name:zh": "仙遊社",
              "name:zh-Hans": "仙游社",
              "name:zh-Hant": "仙遊社",
              "type": "boundary",
              "wikidata": "Q135153259",
              "wikipedia": "vi:Tiên Du"
            }
          }
        ]
      },
      "geometry": {
        "type": "Point",
        "coordinates": [
          106.0070425,
          21.1406386
        ]
      },
      "id": "node/6109326742"
    },
    {
      "type": "Feature",
      "properties": {
        "@id": "node/12956763945",
        "@relations": [
          {
            "role": "subarea",
            "rel": 19425635,
            "reltags": {
              "admin_level": "6",
              "boundary": "administrative",
              "name": "Phường Tiên Du",
              "name:en": "Tien Du Ward",
              "name:lzh": "仙遊社",
              "name:vi-Hani": "社仙遊",
              "name:zh": "仙遊社",
              "name:zh-Hans": "仙游社",
              "name:zh-Hant": "仙遊社",
              "type": "boundary",
              "wikidata": "Q135153259",
              "wikipedia": "vi:Tiên Du"
            }
          }
        ]
      },
      "geometry": {
        "type": "Point",
        "coordinates": [
          106.0210487,
          21.1467513
        ]
      },
      "id": "node/12956763945"
    },
    {
      "type": "Feature",
      "properties": {
        "@id": "node/12956763946",
        "@relations": [
          {
            "role": "subarea",
            "rel": 19425635,
            "reltags": {
              "admin_level": "6",
              "boundary": "administrative",
              "name": "Phường Tiên Du",
              "name:en": "Tien Du Ward",
              "name:lzh": "仙遊社",
              "name:vi-Hani": "社仙遊",
              "name:zh": "仙遊社",
              "name:zh-Hans": "仙游社",
              "name:zh-Hant": "仙遊社",
              "type": "boundary",
              "wikidata": "Q135153259",
              "wikipedia": "vi:Tiên Du"
            }
          }
        ]
      },
      "geometry": {
        "type": "Point",
        "coordinates": [
          106.0258057,
          21.1487887
        ]
      },
      "id": "node/12956763946"
    },
    {
      "type": "Feature",
      "properties": {
        "@id": "node/6109324059",
        "@relations": [
          {
            "role": "subarea",
            "rel": 19425635,
            "reltags": {
              "admin_level": "6",
              "boundary": "administrative",
              "name": "Phường Tiên Du",
              "name:en": "Tien Du Ward",
              "name:lzh": "仙遊社",
              "name:vi-Hani": "社仙遊",
              "name:zh": "仙遊社",
              "name:zh-Hans": "仙游社",
              "name:zh-Hant": "仙遊社",
              "type": "boundary",
              "wikidata": "Q135153259",
              "wikipedia": "vi:Tiên Du"
            }
          }
        ]
      },
      "geometry": {
        "type": "Point",
        "coordinates": [
          106.0002619,
          21.1582695
        ]
      },
      "id": "node/6109324059"
    },
    {
      "type": "Feature",
      "properties": {
        "@id": "node/6109324058",
        "@relations": [
          {
            "role": "subarea",
            "rel": 19425635,
            "reltags": {
              "admin_level": "6",
              "boundary": "administrative",
              "name": "Phường Tiên Du",
              "name:en": "Tien Du Ward",
              "name:lzh": "仙遊社",
              "name:vi-Hani": "社仙遊",
              "name:zh": "仙遊社",
              "name:zh-Hans": "仙游社",
              "name:zh-Hant": "仙遊社",
              "type": "boundary",
              "wikidata": "Q135153259",
              "wikipedia": "vi:Tiên Du"
            }
          }
        ]
      },
      "geometry": {
        "type": "Point",
        "coordinates": [
          106.0061145,
          21.1602806
        ]
      },
      "id": "node/6109324058"
    },
    {
      "type": "Feature",
      "properties": {
        "@id": "node/13577519993",
        "@relations": [
          {
            "role": "subarea",
            "rel": 19425635,
            "reltags": {
              "admin_level": "6",
              "boundary": "administrative",
              "name": "Phường Tiên Du",
              "name:en": "Tien Du Ward",
              "name:lzh": "仙遊社",
              "name:vi-Hani": "社仙遊",
              "name:zh": "仙遊社",
              "name:zh-Hans": "仙游社",
              "name:zh-Hant": "仙遊社",
              "type": "boundary",
              "wikidata": "Q135153259",
              "wikipedia": "vi:Tiên Du"
            }
          }
        ]
      },
      "geometry": {
        "type": "Point",
        "coordinates": [
          106.0102474,
          21.138735
        ]
      },
      "id": "node/13577519993"
    },
    {
      "type": "Feature",
      "properties": {
        "@id": "node/10735452631",
        "@relations": [
          {
            "role": "label",
            "rel": 19425636,
            "reltags": {
              "admin_level": "6",
              "boundary": "administrative",
              "name": "Phường Thuận Thành",
              "name:en": "Thuan Thanh Ward",
              "name:lzh": "順成社",
              "name:vi-Hani": "社順成",
              "name:zh": "順成社",
              "name:zh-Hans": "顺成社",
              "name:zh-Hant": "順成社",
              "population": "52318",
              "population:date": "2025-07-01",
              "source:population": "gis.vn",
              "type": "boundary",
              "wikidata": "Q134980520",
              "wikipedia": "vi:Thuận Thành"
            }
          }
        ]
      },
      "geometry": {
        "type": "Point",
        "coordinates": [
          106.0912688,
          21.0507798
        ]
      },
      "id": "node/10735452631"
    },
    {
      "type": "Feature",
      "properties": {
        "@id": "node/12558418029",
        "@relations": [
          {
            "role": "subarea",
            "rel": 19425636,
            "reltags": {
              "admin_level": "6",
              "boundary": "administrative",
              "name": "Phường Thuận Thành",
              "name:en": "Thuan Thanh Ward",
              "name:lzh": "順成社",
              "name:vi-Hani": "社順成",
              "name:zh": "順成社",
              "name:zh-Hans": "顺成社",
              "name:zh-Hant": "順成社",
              "population": "52318",
              "population:date": "2025-07-01",
              "source:population": "gis.vn",
              "type": "boundary",
              "wikidata": "Q134980520",
              "wikipedia": "vi:Thuận Thành"
            }
          }
        ]
      },
      "geometry": {
        "type": "Point",
        "coordinates": [
          106.0957962,
          21.0462653
        ]
      },
      "id": "node/12558418029"
    },
    {
      "type": "Feature",
      "properties": {
        "@id": "node/12558418030",
        "@relations": [
          {
            "role": "subarea",
            "rel": 19425636,
            "reltags": {
              "admin_level": "6",
              "boundary": "administrative",
              "name": "Phường Thuận Thành",
              "name:en": "Thuan Thanh Ward",
              "name:lzh": "順成社",
              "name:vi-Hani": "社順成",
              "name:zh": "順成社",
              "name:zh-Hans": "顺成社",
              "name:zh-Hant": "順成社",
              "population": "52318",
              "population:date": "2025-07-01",
              "source:population": "gis.vn",
              "type": "boundary",
              "wikidata": "Q134980520",
              "wikipedia": "vi:Thuận Thành"
            }
          }
        ]
      },
      "geometry": {
        "type": "Point",
        "coordinates": [
          106.0919172,
          21.0455797
        ]
      },
      "id": "node/12558418030"
    },
    {
      "type": "Feature",
      "properties": {
        "@id": "node/12558418032",
        "@relations": [
          {
            "role": "subarea",
            "rel": 19425636,
            "reltags": {
              "admin_level": "6",
              "boundary": "administrative",
              "name": "Phường Thuận Thành",
              "name:en": "Thuan Thanh Ward",
              "name:lzh": "順成社",
              "name:vi-Hani": "社順成",
              "name:zh": "順成社",
              "name:zh-Hans": "顺成社",
              "name:zh-Hant": "順成社",
              "population": "52318",
              "population:date": "2025-07-01",
              "source:population": "gis.vn",
              "type": "boundary",
              "wikidata": "Q134980520",
              "wikipedia": "vi:Thuận Thành"
            }
          }
        ]
      },
      "geometry": {
        "type": "Point",
        "coordinates": [
          106.0926976,
          21.0426704
        ]
      },
      "id": "node/12558418032"
    },
    {
      "type": "Feature",
      "properties": {
        "@id": "node/12558418034",
        "@relations": [
          {
            "role": "subarea",
            "rel": 19425636,
            "reltags": {
              "admin_level": "6",
              "boundary": "administrative",
              "name": "Phường Thuận Thành",
              "name:en": "Thuan Thanh Ward",
              "name:lzh": "順成社",
              "name:vi-Hani": "社順成",
              "name:zh": "順成社",
              "name:zh-Hans": "顺成社",
              "name:zh-Hant": "順成社",
              "population": "52318",
              "population:date": "2025-07-01",
              "source:population": "gis.vn",
              "type": "boundary",
              "wikidata": "Q134980520",
              "wikipedia": "vi:Thuận Thành"
            }
          }
        ]
      },
      "geometry": {
        "type": "Point",
        "coordinates": [
          106.0797439,
          21.0332772
        ]
      },
      "id": "node/12558418034"
    },
    {
      "type": "Feature",
      "properties": {
        "@id": "node/12558418035",
        "@relations": [
          {
            "role": "subarea",
            "rel": 19425636,
            "reltags": {
              "admin_level": "6",
              "boundary": "administrative",
              "name": "Phường Thuận Thành",
              "name:en": "Thuan Thanh Ward",
              "name:lzh": "順成社",
              "name:vi-Hani": "社順成",
              "name:zh": "順成社",
              "name:zh-Hans": "顺成社",
              "name:zh-Hant": "順成社",
              "population": "52318",
              "population:date": "2025-07-01",
              "source:population": "gis.vn",
              "type": "boundary",
              "wikidata": "Q134980520",
              "wikipedia": "vi:Thuận Thành"
            }
          }
        ]
      },
      "geometry": {
        "type": "Point",
        "coordinates": [
          106.0687494,
          21.0319959
        ]
      },
      "id": "node/12558418035"
    },
    {
      "type": "Feature",
      "properties": {
        "@id": "node/6079920827",
        "@relations": [
          {
            "role": "subarea",
            "rel": 19425636,
            "reltags": {
              "admin_level": "6",
              "boundary": "administrative",
              "name": "Phường Thuận Thành",
              "name:en": "Thuan Thanh Ward",
              "name:lzh": "順成社",
              "name:vi-Hani": "社順成",
              "name:zh": "順成社",
              "name:zh-Hans": "顺成社",
              "name:zh-Hant": "順成社",
              "population": "52318",
              "population:date": "2025-07-01",
              "source:population": "gis.vn",
              "type": "boundary",
              "wikidata": "Q134980520",
              "wikipedia": "vi:Thuận Thành"
            }
          }
        ]
      },
      "geometry": {
        "type": "Point",
        "coordinates": [
          106.0768977,
          21.0656558
        ]
      },
      "id": "node/6079920827"
    },
    {
      "type": "Feature",
      "properties": {
        "@id": "node/12016549822",
        "@relations": [
          {
            "role": "subarea",
            "rel": 19425636,
            "reltags": {
              "admin_level": "6",
              "boundary": "administrative",
              "name": "Phường Thuận Thành",
              "name:en": "Thuan Thanh Ward",
              "name:lzh": "順成社",
              "name:vi-Hani": "社順成",
              "name:zh": "順成社",
              "name:zh-Hans": "顺成社",
              "name:zh-Hant": "順成社",
              "population": "52318",
              "population:date": "2025-07-01",
              "source:population": "gis.vn",
              "type": "boundary",
              "wikidata": "Q134980520",
              "wikipedia": "vi:Thuận Thành"
            }
          }
        ]
      },
      "geometry": {
        "type": "Point",
        "coordinates": [
          106.0835963,
          21.0632615
        ]
      },
      "id": "node/12016549822"
    },
    {
      "type": "Feature",
      "properties": {
        "@id": "node/12558418033",
        "@relations": [
          {
            "role": "subarea",
            "rel": 19425636,
            "reltags": {
              "admin_level": "6",
              "boundary": "administrative",
              "name": "Phường Thuận Thành",
              "name:en": "Thuan Thanh Ward",
              "name:lzh": "順成社",
              "name:vi-Hani": "社順成",
              "name:zh": "順成社",
              "name:zh-Hans": "顺成社",
              "name:zh-Hant": "順成社",
              "population": "52318",
              "population:date": "2025-07-01",
              "source:population": "gis.vn",
              "type": "boundary",
              "wikidata": "Q134980520",
              "wikipedia": "vi:Thuận Thành"
            }
          }
        ]
      },
      "geometry": {
        "type": "Point",
        "coordinates": [
          106.0867922,
          21.0667345
        ]
      },
      "id": "node/12558418033"
    },
    {
      "type": "Feature",
      "properties": {
        "@id": "node/12558418027",
        "@relations": [
          {
            "role": "subarea",
            "rel": 19425636,
            "reltags": {
              "admin_level": "6",
              "boundary": "administrative",
              "name": "Phường Thuận Thành",
              "name:en": "Thuan Thanh Ward",
              "name:lzh": "順成社",
              "name:vi-Hani": "社順成",
              "name:zh": "順成社",
              "name:zh-Hans": "顺成社",
              "name:zh-Hant": "順成社",
              "population": "52318",
              "population:date": "2025-07-01",
              "source:population": "gis.vn",
              "type": "boundary",
              "wikidata": "Q134980520",
              "wikipedia": "vi:Thuận Thành"
            }
          }
        ]
      },
      "geometry": {
        "type": "Point",
        "coordinates": [
          106.091333,
          21.0655865
        ]
      },
      "id": "node/12558418027"
    },
    {
      "type": "Feature",
      "properties": {
        "@id": "node/12558418026",
        "@relations": [
          {
            "role": "subarea",
            "rel": 19425636,
            "reltags": {
              "admin_level": "6",
              "boundary": "administrative",
              "name": "Phường Thuận Thành",
              "name:en": "Thuan Thanh Ward",
              "name:lzh": "順成社",
              "name:vi-Hani": "社順成",
              "name:zh": "順成社",
              "name:zh-Hans": "顺成社",
              "name:zh-Hant": "順成社",
              "population": "52318",
              "population:date": "2025-07-01",
              "source:population": "gis.vn",
              "type": "boundary",
              "wikidata": "Q134980520",
              "wikipedia": "vi:Thuận Thành"
            }
          }
        ]
      },
      "geometry": {
        "type": "Point",
        "coordinates": [
          106.0951736,
          21.0654819
        ]
      },
      "id": "node/12558418026"
    },
    {
      "type": "Feature",
      "properties": {
        "@id": "node/12558418036",
        "@relations": [
          {
            "role": "subarea",
            "rel": 19425636,
            "reltags": {
              "admin_level": "6",
              "boundary": "administrative",
              "name": "Phường Thuận Thành",
              "name:en": "Thuan Thanh Ward",
              "name:lzh": "順成社",
              "name:vi-Hani": "社順成",
              "name:zh": "順成社",
              "name:zh-Hans": "顺成社",
              "name:zh-Hant": "順成社",
              "population": "52318",
              "population:date": "2025-07-01",
              "source:population": "gis.vn",
              "type": "boundary",
              "wikidata": "Q134980520",
              "wikipedia": "vi:Thuận Thành"
            }
          }
        ]
      },
      "geometry": {
        "type": "Point",
        "coordinates": [
          106.0888319,
          21.0276759
        ]
      },
      "id": "node/12558418036"
    },
    {
      "type": "Feature",
      "properties": {
        "@id": "node/12016549769",
        "@relations": [
          {
            "role": "subarea",
            "rel": 19425636,
            "reltags": {
              "admin_level": "6",
              "boundary": "administrative",
              "name": "Phường Thuận Thành",
              "name:en": "Thuan Thanh Ward",
              "name:lzh": "順成社",
              "name:vi-Hani": "社順成",
              "name:zh": "順成社",
              "name:zh-Hans": "顺成社",
              "name:zh-Hant": "順成社",
              "population": "52318",
              "population:date": "2025-07-01",
              "source:population": "gis.vn",
              "type": "boundary",
              "wikidata": "Q134980520",
              "wikipedia": "vi:Thuận Thành"
            }
          }
        ]
      },
      "geometry": {
        "type": "Point",
        "coordinates": [
          106.0468248,
          21.0683753
        ]
      },
      "id": "node/12016549769"
    },
    {
      "type": "Feature",
      "properties": {
        "@id": "node/12020342281",
        "@relations": [
          {
            "role": "subarea",
            "rel": 19425636,
            "reltags": {
              "admin_level": "6",
              "boundary": "administrative",
              "name": "Phường Thuận Thành",
              "name:en": "Thuan Thanh Ward",
              "name:lzh": "順成社",
              "name:vi-Hani": "社順成",
              "name:zh": "順成社",
              "name:zh-Hans": "顺成社",
              "name:zh-Hant": "順成社",
              "population": "52318",
              "population:date": "2025-07-01",
              "source:population": "gis.vn",
              "type": "boundary",
              "wikidata": "Q134980520",
              "wikipedia": "vi:Thuận Thành"
            }
          }
        ]
      },
      "geometry": {
        "type": "Point",
        "coordinates": [
          106.0704717,
          21.0730744
        ]
      },
      "id": "node/12020342281"
    },
    {
      "type": "Feature",
      "properties": {
        "@id": "node/13197557524",
        "@relations": [
          {
            "role": "subarea",
            "rel": 19425636,
            "reltags": {
              "admin_level": "6",
              "boundary": "administrative",
              "name": "Phường Thuận Thành",
              "name:en": "Thuan Thanh Ward",
              "name:lzh": "順成社",
              "name:vi-Hani": "社順成",
              "name:zh": "順成社",
              "name:zh-Hans": "顺成社",
              "name:zh-Hant": "順成社",
              "population": "52318",
              "population:date": "2025-07-01",
              "source:population": "gis.vn",
              "type": "boundary",
              "wikidata": "Q134980520",
              "wikipedia": "vi:Thuận Thành"
            }
          }
        ]
      },
      "geometry": {
        "type": "Point",
        "coordinates": [
          106.0589968,
          21.0747582
        ]
      },
      "id": "node/13197557524"
    },
    {
      "type": "Feature",
      "properties": {
        "@id": "node/12558418028",
        "@relations": [
          {
            "role": "subarea",
            "rel": 19425636,
            "reltags": {
              "admin_level": "6",
              "boundary": "administrative",
              "name": "Phường Thuận Thành",
              "name:en": "Thuan Thanh Ward",
              "name:lzh": "順成社",
              "name:vi-Hani": "社順成",
              "name:zh": "順成社",
              "name:zh-Hans": "顺成社",
              "name:zh-Hant": "順成社",
              "population": "52318",
              "population:date": "2025-07-01",
              "source:population": "gis.vn",
              "type": "boundary",
              "wikidata": "Q134980520",
              "wikipedia": "vi:Thuận Thành"
            }
          }
        ]
      },
      "geometry": {
        "type": "Point",
        "coordinates": [
          106.0902122,
          21.0612913
        ]
      },
      "id": "node/12558418028"
    },
    {
      "type": "Feature",
      "properties": {
        "@id": "node/12323904861",
        "@relations": [
          {
            "role": "label",
            "rel": 19425637,
            "reltags": {
              "admin_level": "6",
              "boundary": "administrative",
              "name": "Phường Lương Tài",
              "name:en": "Luong Tai Ward",
              "name:lzh": "良才坊",
              "name:vi-Hani": "坊良才",
              "name:zh": "良才坊",
              "name:zh-Hans": "良才坊",
              "name:zh-Hant": "良才坊",
              "type": "boundary",
              "wikidata": "Q135145614",
              "wikipedia": "vi:Lương Tài"
            }
          }
        ]
      },
      "geometry": {
        "type": "Point",
        "coordinates": [
          106.1998463,
          21.0180042
        ]
      },
      "id": "node/12323904861"
    },
    {
      "type": "Feature",
      "properties": {
        "@id": "node/11569472718",
        "@relations": [
          {
            "role": "subarea",
            "rel": 19425637,
            "reltags": {
              "admin_level": "6",
              "boundary": "administrative",
              "name": "Phường Lương Tài",
              "name:en": "Luong Tai Ward",
              "name:lzh": "良才坊",
              "name:vi-Hani": "坊良才",
              "name:zh": "良才坊",
              "name:zh-Hans": "良才坊",
              "name:zh-Hant": "良才坊",
              "type": "boundary",
              "wikidata": "Q135145614",
              "wikipedia": "vi:Lương Tài"
            }
          }
        ]
      },
      "geometry": {
        "type": "Point",
        "coordinates": [
          106.1987334,
          21.0160275
        ]
      },
      "id": "node/11569472718"
    },
    {
      "type": "Feature",
      "properties": {
        "@id": "node/12462528688",
        "@relations": [
          {
            "role": "subarea",
            "rel": 19425637,
            "reltags": {
              "admin_level": "6",
              "boundary": "administrative",
              "name": "Phường Lương Tài",
              "name:en": "Luong Tai Ward",
              "name:lzh": "良才坊",
              "name:vi-Hani": "坊良才",
              "name:zh": "良才坊",
              "name:zh-Hans": "良才坊",
              "name:zh-Hant": "良才坊",
              "type": "boundary",
              "wikidata": "Q135145614",
              "wikipedia": "vi:Lương Tài"
            }
          }
        ]
      },
      "geometry": {
        "type": "Point",
        "coordinates": [
          106.1952524,
          21.0242689
        ]
      },
      "id": "node/12462528688"
    },
    {
      "type": "Feature",
      "properties": {
        "@id": "node/12455555630",
        "@relations": [
          {
            "role": "subarea",
            "rel": 19425637,
            "reltags": {
              "admin_level": "6",
              "boundary": "administrative",
              "name": "Phường Lương Tài",
              "name:en": "Luong Tai Ward",
              "name:lzh": "良才坊",
              "name:vi-Hani": "坊良才",
              "name:zh": "良才坊",
              "name:zh-Hans": "良才坊",
              "name:zh-Hant": "良才坊",
              "type": "boundary",
              "wikidata": "Q135145614",
              "wikipedia": "vi:Lương Tài"
            }
          }
        ]
      },
      "geometry": {
        "type": "Point",
        "coordinates": [
          106.2443392,
          21.0570462
        ]
      },
      "id": "node/12455555630"
    },
    {
      "type": "Feature",
      "properties": {
        "@id": "node/4773034986",
        "@relations": [
          {
            "role": "label",
            "rel": 19425638,
            "reltags": {
              "admin_level": "6",
              "boundary": "administrative",
              "name": "Phường Gia Bình",
              "name:en": "Gia Binh Ward",
              "name:lzh": "嘉平社",
              "name:vi-Hani": "社嘉平",
              "name:zh": "嘉平社",
              "name:zh-Hans": "嘉平社",
              "name:zh-Hant": "嘉平社",
              "type": "boundary",
              "wikidata": "Q10761323",
              "wikipedia": "vi:Gia Bình"
            }
          }
        ]
      },
      "geometry": {
        "type": "Point",
        "coordinates": [
          106.1710649,
          21.0574099
        ]
      },
      "id": "node/4773034986"
    },
    {
      "type": "Feature",
      "properties": {
        "@id": "node/4773034987",
        "@relations": [
          {
            "role": "subarea",
            "rel": 19425638,
            "reltags": {
              "admin_level": "6",
              "boundary": "administrative",
              "name": "Phường Gia Bình",
              "name:en": "Gia Binh Ward",
              "name:lzh": "嘉平社",
              "name:vi-Hani": "社嘉平",
              "name:zh": "嘉平社",
              "name:zh-Hans": "嘉平社",
              "name:zh-Hant": "嘉平社",
              "type": "boundary",
              "wikidata": "Q10761323",
              "wikipedia": "vi:Gia Bình"
            }
          }
        ]
      },
      "geometry": {
        "type": "Point",
        "coordinates": [
          106.182411,
          21.019778
        ]
      },
      "id": "node/4773034987"
    },
    {
      "type": "Feature",
      "properties": {
        "@id": "node/12323904862",
        "@relations": [
          {
            "role": "subarea",
            "rel": 19425638,
            "reltags": {
              "admin_level": "6",
              "boundary": "administrative",
              "name": "Phường Gia Bình",
              "name:en": "Gia Binh Ward",
              "name:lzh": "嘉平社",
              "name:vi-Hani": "社嘉平",
              "name:zh": "嘉平社",
              "name:zh-Hans": "嘉平社",
              "name:zh-Hant": "嘉平社",
              "type": "boundary",
              "wikidata": "Q10761323",
              "wikipedia": "vi:Gia Bình"
            }
          }
        ]
      },
      "geometry": {
        "type": "Point",
        "coordinates": [
          106.19792,
          21.0758948
        ]
      },
      "id": "node/12323904862"
    },
    {
      "type": "Feature",
      "properties": {
        "@id": "node/11569472719",
        "@relations": [
          {
            "role": "subarea",
            "rel": 19425638,
            "reltags": {
              "admin_level": "6",
              "boundary": "administrative",
              "name": "Phường Gia Bình",
              "name:en": "Gia Binh Ward",
              "name:lzh": "嘉平社",
              "name:vi-Hani": "社嘉平",
              "name:zh": "嘉平社",
              "name:zh-Hans": "嘉平社",
              "name:zh-Hant": "嘉平社",
              "type": "boundary",
              "wikidata": "Q10761323",
              "wikipedia": "vi:Gia Bình"
            }
          }
        ]
      },
      "geometry": {
        "type": "Point",
        "coordinates": [
          106.1485621,
          21.0520756
        ]
      },
      "id": "node/11569472719"
    },
    {
      "type": "Feature",
      "properties": {
        "@id": "node/13197557523",
        "@relations": [
          {
            "role": "label",
            "rel": 19435883,
            "reltags": {
              "admin_level": "6",
              "boundary": "administrative",
              "name": "Phường Từ Sơn",
              "name:de": "Stadtviertel Từ Sơn",
              "name:en": "Tu Son Ward",
              "name:lzh": "慈山社",
              "name:vi-Hani": "社慈山",
              "name:zh": "慈山社",
              "name:zh-Hans": "慈山社",
              "name:zh-Hant": "慈山社",
              "population": "65697",
              "population:date": "2025-07-01",
              "source:population": "gis.vn",
              "type": "boundary",
              "wikidata": "Q134980459",
              "wikipedia": "vi:Từ Sơn (phường)"
            }
          }
        ]
      },
      "geometry": {
        "type": "Point",
        "coordinates": [
          105.9572816,
          21.1141616
        ]
      },
      "id": "node/13197557523"
    },
    {
      "type": "Feature",
      "properties": {
        "@id": "node/6356362378",
        "@relations": [
          {
            "role": "subarea",
            "rel": 19435883,
            "reltags": {
              "admin_level": "6",
              "boundary": "administrative",
              "name": "Phường Từ Sơn",
              "name:de": "Stadtviertel Từ Sơn",
              "name:en": "Tu Son Ward",
              "name:lzh": "慈山社",
              "name:vi-Hani": "社慈山",
              "name:zh": "慈山社",
              "name:zh-Hans": "慈山社",
              "name:zh-Hant": "慈山社",
              "population": "65697",
              "population:date": "2025-07-01",
              "source:population": "gis.vn",
              "type": "boundary",
              "wikidata": "Q134980459",
              "wikipedia": "vi:Từ Sơn (phường)"
            }
          }
        ]
      },
      "geometry": {
        "type": "Point",
        "coordinates": [
          105.9481893,
          21.1079009
        ]
      },
      "id": "node/6356362378"
    },
    {
      "type": "Feature",
      "properties": {
        "@id": "node/6095475218",
        "@relations": [
          {
            "role": "subarea",
            "rel": 19435883,
            "reltags": {
              "admin_level": "6",
              "boundary": "administrative",
              "name": "Phường Từ Sơn",
              "name:de": "Stadtviertel Từ Sơn",
              "name:en": "Tu Son Ward",
              "name:lzh": "慈山社",
              "name:vi-Hani": "社慈山",
              "name:zh": "慈山社",
              "name:zh-Hans": "慈山社",
              "name:zh-Hant": "慈山社",
              "population": "65697",
              "population:date": "2025-07-01",
              "source:population": "gis.vn",
              "type": "boundary",
              "wikidata": "Q134980459",
              "wikipedia": "vi:Từ Sơn (phường)"
            }
          }
        ]
      },
      "geometry": {
        "type": "Point",
        "coordinates": [
          105.9392738,
          21.0968526
        ]
      },
      "id": "node/6095475218"
    },
    {
      "type": "Feature",
      "properties": {
        "@id": "node/5931424735",
        "@relations": [
          {
            "role": "subarea",
            "rel": 19435883,
            "reltags": {
              "admin_level": "6",
              "boundary": "administrative",
              "name": "Phường Từ Sơn",
              "name:de": "Stadtviertel Từ Sơn",
              "name:en": "Tu Son Ward",
              "name:lzh": "慈山社",
              "name:vi-Hani": "社慈山",
              "name:zh": "慈山社",
              "name:zh-Hans": "慈山社",
              "name:zh-Hant": "慈山社",
              "population": "65697",
              "population:date": "2025-07-01",
              "source:population": "gis.vn",
              "type": "boundary",
              "wikidata": "Q134980459",
              "wikipedia": "vi:Từ Sơn (phường)"
            }
          }
        ]
      },
      "geometry": {
        "type": "Point",
        "coordinates": [
          105.9466124,
          21.0973931
        ]
      },
      "id": "node/5931424735"
    },
    {
      "type": "Feature",
      "properties": {
        "@id": "node/5931471967",
        "@relations": [
          {
            "role": "subarea",
            "rel": 19435883,
            "reltags": {
              "admin_level": "6",
              "boundary": "administrative",
              "name": "Phường Từ Sơn",
              "name:de": "Stadtviertel Từ Sơn",
              "name:en": "Tu Son Ward",
              "name:lzh": "慈山社",
              "name:vi-Hani": "社慈山",
              "name:zh": "慈山社",
              "name:zh-Hans": "慈山社",
              "name:zh-Hant": "慈山社",
              "population": "65697",
              "population:date": "2025-07-01",
              "source:population": "gis.vn",
              "type": "boundary",
              "wikidata": "Q134980459",
              "wikipedia": "vi:Từ Sơn (phường)"
            }
          }
        ]
      },
      "geometry": {
        "type": "Point",
        "coordinates": [
          105.9420848,
          21.0904212
        ]
      },
      "id": "node/5931471967"
    },
    {
      "type": "Feature",
      "properties": {
        "@id": "node/5931424734",
        "@relations": [
          {
            "role": "subarea",
            "rel": 19435883,
            "reltags": {
              "admin_level": "6",
              "boundary": "administrative",
              "name": "Phường Từ Sơn",
              "name:de": "Stadtviertel Từ Sơn",
              "name:en": "Tu Son Ward",
              "name:lzh": "慈山社",
              "name:vi-Hani": "社慈山",
              "name:zh": "慈山社",
              "name:zh-Hans": "慈山社",
              "name:zh-Hant": "慈山社",
              "population": "65697",
              "population:date": "2025-07-01",
              "source:population": "gis.vn",
              "type": "boundary",
              "wikidata": "Q134980459",
              "wikipedia": "vi:Từ Sơn (phường)"
            }
          }
        ]
      },
      "geometry": {
        "type": "Point",
        "coordinates": [
          105.9509629,
          21.0918527
        ]
      },
      "id": "node/5931424734"
    },
    {
      "type": "Feature",
      "properties": {
        "@id": "node/5931424733",
        "@relations": [
          {
            "role": "subarea",
            "rel": 19435883,
            "reltags": {
              "admin_level": "6",
              "boundary": "administrative",
              "name": "Phường Từ Sơn",
              "name:de": "Stadtviertel Từ Sơn",
              "name:en": "Tu Son Ward",
              "name:lzh": "慈山社",
              "name:vi-Hani": "社慈山",
              "name:zh": "慈山社",
              "name:zh-Hans": "慈山社",
              "name:zh-Hant": "慈山社",
              "population": "65697",
              "population:date": "2025-07-01",
              "source:population": "gis.vn",
              "type": "boundary",
              "wikidata": "Q134980459",
              "wikipedia": "vi:Từ Sơn (phường)"
            }
          }
        ]
      },
      "geometry": {
        "type": "Point",
        "coordinates": [
          105.9585482,
          21.0939998
        ]
      },
      "id": "node/5931424733"
    },
    {
      "type": "Feature",
      "properties": {
        "@id": "node/5931424732",
        "@relations": [
          {
            "role": "subarea",
            "rel": 19435883,
            "reltags": {
              "admin_level": "6",
              "boundary": "administrative",
              "name": "Phường Từ Sơn",
              "name:de": "Stadtviertel Từ Sơn",
              "name:en": "Tu Son Ward",
              "name:lzh": "慈山社",
              "name:vi-Hani": "社慈山",
              "name:zh": "慈山社",
              "name:zh-Hans": "慈山社",
              "name:zh-Hant": "慈山社",
              "population": "65697",
              "population:date": "2025-07-01",
              "source:population": "gis.vn",
              "type": "boundary",
              "wikidata": "Q134980459",
              "wikipedia": "vi:Từ Sơn (phường)"
            }
          }
        ]
      },
      "geometry": {
        "type": "Point",
        "coordinates": [
          105.9653664,
          21.1023578
        ]
      },
      "id": "node/5931424732"
    },
    {
      "type": "Feature",
      "properties": {
        "@id": "node/5530869215",
        "@relations": [
          {
            "role": "subarea",
            "rel": 19435883,
            "reltags": {
              "admin_level": "6",
              "boundary": "administrative",
              "name": "Phường Từ Sơn",
              "name:de": "Stadtviertel Từ Sơn",
              "name:en": "Tu Son Ward",
              "name:lzh": "慈山社",
              "name:vi-Hani": "社慈山",
              "name:zh": "慈山社",
              "name:zh-Hans": "慈山社",
              "name:zh-Hant": "慈山社",
              "population": "65697",
              "population:date": "2025-07-01",
              "source:population": "gis.vn",
              "type": "boundary",
              "wikidata": "Q134980459",
              "wikipedia": "vi:Từ Sơn (phường)"
            }
          }
        ]
      },
      "geometry": {
        "type": "Point",
        "coordinates": [
          105.970572,
          21.107923
        ]
      },
      "id": "node/5530869215"
    },
    {
      "type": "Feature",
      "properties": {
        "@id": "node/5931424730",
        "@relations": [
          {
            "role": "subarea",
            "rel": 19435883,
            "reltags": {
              "admin_level": "6",
              "boundary": "administrative",
              "name": "Phường Từ Sơn",
              "name:de": "Stadtviertel Từ Sơn",
              "name:en": "Tu Son Ward",
              "name:lzh": "慈山社",
              "name:vi-Hani": "社慈山",
              "name:zh": "慈山社",
              "name:zh-Hans": "慈山社",
              "name:zh-Hant": "慈山社",
              "population": "65697",
              "population:date": "2025-07-01",
              "source:population": "gis.vn",
              "type": "boundary",
              "wikidata": "Q134980459",
              "wikipedia": "vi:Từ Sơn (phường)"
            }
          }
        ]
      },
      "geometry": {
        "type": "Point",
        "coordinates": [
          105.9698725,
          21.114879
        ]
      },
      "id": "node/5931424730"
    },
    {
      "type": "Feature",
      "properties": {
        "@id": "node/5931424731",
        "@relations": [
          {
            "role": "subarea",
            "rel": 19435883,
            "reltags": {
              "admin_level": "6",
              "boundary": "administrative",
              "name": "Phường Từ Sơn",
              "name:de": "Stadtviertel Từ Sơn",
              "name:en": "Tu Son Ward",
              "name:lzh": "慈山社",
              "name:vi-Hani": "社慈山",
              "name:zh": "慈山社",
              "name:zh-Hans": "慈山社",
              "name:zh-Hant": "慈山社",
              "population": "65697",
              "population:date": "2025-07-01",
              "source:population": "gis.vn",
              "type": "boundary",
              "wikidata": "Q134980459",
              "wikipedia": "vi:Từ Sơn (phường)"
            }
          }
        ]
      },
      "geometry": {
        "type": "Point",
        "coordinates": [
          105.9759879,
          21.1138982
        ]
      },
      "id": "node/5931424731"
    },
    {
      "type": "Feature",
      "properties": {
        "@id": "node/12558418020",
        "@relations": [
          {
            "role": "subarea",
            "rel": 19435883,
            "reltags": {
              "admin_level": "6",
              "boundary": "administrative",
              "name": "Phường Từ Sơn",
              "name:de": "Stadtviertel Từ Sơn",
              "name:en": "Tu Son Ward",
              "name:lzh": "慈山社",
              "name:vi-Hani": "社慈山",
              "name:zh": "慈山社",
              "name:zh-Hans": "慈山社",
              "name:zh-Hant": "慈山社",
              "population": "65697",
              "population:date": "2025-07-01",
              "source:population": "gis.vn",
              "type": "boundary",
              "wikidata": "Q134980459",
              "wikipedia": "vi:Từ Sơn (phường)"
            }
          }
        ]
      },
      "geometry": {
        "type": "Point",
        "coordinates": [
          105.9632607,
          21.1154325
        ]
      },
      "id": "node/12558418020"
    },
    {
      "type": "Feature",
      "properties": {
        "@id": "node/5931424729",
        "@relations": [
          {
            "role": "subarea",
            "rel": 19435883,
            "reltags": {
              "admin_level": "6",
              "boundary": "administrative",
              "name": "Phường Từ Sơn",
              "name:de": "Stadtviertel Từ Sơn",
              "name:en": "Tu Son Ward",
              "name:lzh": "慈山社",
              "name:vi-Hani": "社慈山",
              "name:zh": "慈山社",
              "name:zh-Hans": "慈山社",
              "name:zh-Hant": "慈山社",
              "population": "65697",
              "population:date": "2025-07-01",
              "source:population": "gis.vn",
              "type": "boundary",
              "wikidata": "Q134980459",
              "wikipedia": "vi:Từ Sơn (phường)"
            }
          }
        ]
      },
      "geometry": {
        "type": "Point",
        "coordinates": [
          105.9621048,
          21.1134478
        ]
      },
      "id": "node/5931424729"
    },
    {
      "type": "Feature",
      "properties": {
        "@id": "node/12558418018",
        "@relations": [
          {
            "role": "subarea",
            "rel": 19435883,
            "reltags": {
              "admin_level": "6",
              "boundary": "administrative",
              "name": "Phường Từ Sơn",
              "name:de": "Stadtviertel Từ Sơn",
              "name:en": "Tu Son Ward",
              "name:lzh": "慈山社",
              "name:vi-Hani": "社慈山",
              "name:zh": "慈山社",
              "name:zh-Hans": "慈山社",
              "name:zh-Hant": "慈山社",
              "population": "65697",
              "population:date": "2025-07-01",
              "source:population": "gis.vn",
              "type": "boundary",
              "wikidata": "Q134980459",
              "wikipedia": "vi:Từ Sơn (phường)"
            }
          }
        ]
      },
      "geometry": {
        "type": "Point",
        "coordinates": [
          105.9575573,
          21.1172886
        ]
      },
      "id": "node/12558418018"
    },
    {
      "type": "Feature",
      "properties": {
        "@id": "node/5931471964",
        "@relations": [
          {
            "role": "subarea",
            "rel": 19435883,
            "reltags": {
              "admin_level": "6",
              "boundary": "administrative",
              "name": "Phường Từ Sơn",
              "name:de": "Stadtviertel Từ Sơn",
              "name:en": "Tu Son Ward",
              "name:lzh": "慈山社",
              "name:vi-Hani": "社慈山",
              "name:zh": "慈山社",
              "name:zh-Hans": "慈山社",
              "name:zh-Hant": "慈山社",
              "population": "65697",
              "population:date": "2025-07-01",
              "source:population": "gis.vn",
              "type": "boundary",
              "wikidata": "Q134980459",
              "wikipedia": "vi:Từ Sơn (phường)"
            }
          }
        ]
      },
      "geometry": {
        "type": "Point",
        "coordinates": [
          105.9594012,
          21.117246
        ]
      },
      "id": "node/5931471964"
    },
    {
      "type": "Feature",
      "properties": {
        "@id": "node/5931471968",
        "@relations": [
          {
            "role": "subarea",
            "rel": 19435883,
            "reltags": {
              "admin_level": "6",
              "boundary": "administrative",
              "name": "Phường Từ Sơn",
              "name:de": "Stadtviertel Từ Sơn",
              "name:en": "Tu Son Ward",
              "name:lzh": "慈山社",
              "name:vi-Hani": "社慈山",
              "name:zh": "慈山社",
              "name:zh-Hans": "慈山社",
              "name:zh-Hant": "慈山社",
              "population": "65697",
              "population:date": "2025-07-01",
              "source:population": "gis.vn",
              "type": "boundary",
              "wikidata": "Q134980459",
              "wikipedia": "vi:Từ Sơn (phường)"
            }
          }
        ]
      },
      "geometry": {
        "type": "Point",
        "coordinates": [
          105.9558499,
          21.1078929
        ]
      },
      "id": "node/5931471968"
    },
    {
      "type": "Feature",
      "properties": {
        "@id": "node/6089933008",
        "@relations": [
          {
            "role": "subarea",
            "rel": 19435883,
            "reltags": {
              "admin_level": "6",
              "boundary": "administrative",
              "name": "Phường Từ Sơn",
              "name:de": "Stadtviertel Từ Sơn",
              "name:en": "Tu Son Ward",
              "name:lzh": "慈山社",
              "name:vi-Hani": "社慈山",
              "name:zh": "慈山社",
              "name:zh-Hans": "慈山社",
              "name:zh-Hant": "慈山社",
              "population": "65697",
              "population:date": "2025-07-01",
              "source:population": "gis.vn",
              "type": "boundary",
              "wikidata": "Q134980459",
              "wikipedia": "vi:Từ Sơn (phường)"
            }
          }
        ]
      },
      "geometry": {
        "type": "Point",
        "coordinates": [
          105.9536987,
          21.1072824
        ]
      },
      "id": "node/6089933008"
    },
    {
      "type": "Feature",
      "properties": {
        "@id": "node/12747260308",
        "@relations": [
          {
            "role": "subarea",
            "rel": 19435883,
            "reltags": {
              "admin_level": "6",
              "boundary": "administrative",
              "name": "Phường Từ Sơn",
              "name:de": "Stadtviertel Từ Sơn",
              "name:en": "Tu Son Ward",
              "name:lzh": "慈山社",
              "name:vi-Hani": "社慈山",
              "name:zh": "慈山社",
              "name:zh-Hans": "慈山社",
              "name:zh-Hant": "慈山社",
              "population": "65697",
              "population:date": "2025-07-01",
              "source:population": "gis.vn",
              "type": "boundary",
              "wikidata": "Q134980459",
              "wikipedia": "vi:Từ Sơn (phường)"
            }
          }
        ]
      },
      "geometry": {
        "type": "Point",
        "coordinates": [
          105.9539143,
          21.1090077
        ]
      },
      "id": "node/12747260308"
    },
    {
      "type": "Feature",
      "properties": {
        "@id": "node/6356362379",
        "@relations": [
          {
            "role": "subarea",
            "rel": 19435883,
            "reltags": {
              "admin_level": "6",
              "boundary": "administrative",
              "name": "Phường Từ Sơn",
              "name:de": "Stadtviertel Từ Sơn",
              "name:en": "Tu Son Ward",
              "name:lzh": "慈山社",
              "name:vi-Hani": "社慈山",
              "name:zh": "慈山社",
              "name:zh-Hans": "慈山社",
              "name:zh-Hant": "慈山社",
              "population": "65697",
              "population:date": "2025-07-01",
              "source:population": "gis.vn",
              "type": "boundary",
              "wikidata": "Q134980459",
              "wikipedia": "vi:Từ Sơn (phường)"
            }
          }
        ]
      },
      "geometry": {
        "type": "Point",
        "coordinates": [
          105.9517112,
          21.108766
        ]
      },
      "id": "node/6356362379"
    },
    {
      "type": "Feature",
      "properties": {
        "@id": "node/5931471969",
        "@relations": [
          {
            "role": "subarea",
            "rel": 19435883,
            "reltags": {
              "admin_level": "6",
              "boundary": "administrative",
              "name": "Phường Từ Sơn",
              "name:de": "Stadtviertel Từ Sơn",
              "name:en": "Tu Son Ward",
              "name:lzh": "慈山社",
              "name:vi-Hani": "社慈山",
              "name:zh": "慈山社",
              "name:zh-Hans": "慈山社",
              "name:zh-Hant": "慈山社",
              "population": "65697",
              "population:date": "2025-07-01",
              "source:population": "gis.vn",
              "type": "boundary",
              "wikidata": "Q134980459",
              "wikipedia": "vi:Từ Sơn (phường)"
            }
          }
        ]
      },
      "geometry": {
        "type": "Point",
        "coordinates": [
          105.9582209,
          21.1094143
        ]
      },
      "id": "node/5931471969"
    },
    {
      "type": "Feature",
      "properties": {
        "@id": "node/5931471970",
        "@relations": [
          {
            "role": "subarea",
            "rel": 19435883,
            "reltags": {
              "admin_level": "6",
              "boundary": "administrative",
              "name": "Phường Từ Sơn",
              "name:de": "Stadtviertel Từ Sơn",
              "name:en": "Tu Son Ward",
              "name:lzh": "慈山社",
              "name:vi-Hani": "社慈山",
              "name:zh": "慈山社",
              "name:zh-Hans": "慈山社",
              "name:zh-Hant": "慈山社",
              "population": "65697",
              "population:date": "2025-07-01",
              "source:population": "gis.vn",
              "type": "boundary",
              "wikidata": "Q134980459",
              "wikipedia": "vi:Từ Sơn (phường)"
            }
          }
        ]
      },
      "geometry": {
        "type": "Point",
        "coordinates": [
          105.9416348,
          21.1077707
        ]
      },
      "id": "node/5931471970"
    },
    {
      "type": "Feature",
      "properties": {
        "@id": "node/6121561500",
        "@relations": [
          {
            "role": "subarea",
            "rel": 19435883,
            "reltags": {
              "admin_level": "6",
              "boundary": "administrative",
              "name": "Phường Từ Sơn",
              "name:de": "Stadtviertel Từ Sơn",
              "name:en": "Tu Son Ward",
              "name:lzh": "慈山社",
              "name:vi-Hani": "社慈山",
              "name:zh": "慈山社",
              "name:zh-Hans": "慈山社",
              "name:zh-Hant": "慈山社",
              "population": "65697",
              "population:date": "2025-07-01",
              "source:population": "gis.vn",
              "type": "boundary",
              "wikidata": "Q134980459",
              "wikipedia": "vi:Từ Sơn (phường)"
            }
          }
        ]
      },
      "geometry": {
        "type": "Point",
        "coordinates": [
          105.9703284,
          21.0878336
        ]
      },
      "id": "node/6121561500"
    },
    {
      "type": "Feature",
      "properties": {
        "@id": "node/4773282289",
        "@relations": [
          {
            "role": "subarea",
            "rel": 19435883,
            "reltags": {
              "admin_level": "6",
              "boundary": "administrative",
              "name": "Phường Từ Sơn",
              "name:de": "Stadtviertel Từ Sơn",
              "name:en": "Tu Son Ward",
              "name:lzh": "慈山社",
              "name:vi-Hani": "社慈山",
              "name:zh": "慈山社",
              "name:zh-Hans": "慈山社",
              "name:zh-Hant": "慈山社",
              "population": "65697",
              "population:date": "2025-07-01",
              "source:population": "gis.vn",
              "type": "boundary",
              "wikidata": "Q134980459",
              "wikipedia": "vi:Từ Sơn (phường)"
            }
          }
        ]
      },
      "geometry": {
        "type": "Point",
        "coordinates": [
          105.968967,
          21.09094
        ]
      },
      "id": "node/4773282289"
    },
    {
      "type": "Feature",
      "properties": {
        "@id": "node/6092988237",
        "@relations": [
          {
            "role": "subarea",
            "rel": 19435883,
            "reltags": {
              "admin_level": "6",
              "boundary": "administrative",
              "name": "Phường Từ Sơn",
              "name:de": "Stadtviertel Từ Sơn",
              "name:en": "Tu Son Ward",
              "name:lzh": "慈山社",
              "name:vi-Hani": "社慈山",
              "name:zh": "慈山社",
              "name:zh-Hans": "慈山社",
              "name:zh-Hant": "慈山社",
              "population": "65697",
              "population:date": "2025-07-01",
              "source:population": "gis.vn",
              "type": "boundary",
              "wikidata": "Q134980459",
              "wikipedia": "vi:Từ Sơn (phường)"
            }
          }
        ]
      },
      "geometry": {
        "type": "Point",
        "coordinates": [
          105.9748185,
          21.0957115
        ]
      },
      "id": "node/6092988237"
    },
    {
      "type": "Feature",
      "properties": {
        "@id": "node/6092988238",
        "@relations": [
          {
            "role": "subarea",
            "rel": 19435883,
            "reltags": {
              "admin_level": "6",
              "boundary": "administrative",
              "name": "Phường Từ Sơn",
              "name:de": "Stadtviertel Từ Sơn",
              "name:en": "Tu Son Ward",
              "name:lzh": "慈山社",
              "name:vi-Hani": "社慈山",
              "name:zh": "慈山社",
              "name:zh-Hans": "慈山社",
              "name:zh-Hant": "慈山社",
              "population": "65697",
              "population:date": "2025-07-01",
              "source:population": "gis.vn",
              "type": "boundary",
              "wikidata": "Q134980459",
              "wikipedia": "vi:Từ Sơn (phường)"
            }
          }
        ]
      },
      "geometry": {
        "type": "Point",
        "coordinates": [
          105.9718627,
          21.0996678
        ]
      },
      "id": "node/6092988238"
    },
    {
      "type": "Feature",
      "properties": {
        "@id": "node/12558418019",
        "@relations": [
          {
            "role": "subarea",
            "rel": 19435883,
            "reltags": {
              "admin_level": "6",
              "boundary": "administrative",
              "name": "Phường Từ Sơn",
              "name:de": "Stadtviertel Từ Sơn",
              "name:en": "Tu Son Ward",
              "name:lzh": "慈山社",
              "name:vi-Hani": "社慈山",
              "name:zh": "慈山社",
              "name:zh-Hans": "慈山社",
              "name:zh-Hant": "慈山社",
              "population": "65697",
              "population:date": "2025-07-01",
              "source:population": "gis.vn",
              "type": "boundary",
              "wikidata": "Q134980459",
              "wikipedia": "vi:Từ Sơn (phường)"
            }
          }
        ]
      },
      "geometry": {
        "type": "Point",
        "coordinates": [
          105.965575,
          21.1216607
        ]
      },
      "id": "node/12558418019"
    },
    {
      "type": "Feature",
      "properties": {
        "@id": "node/5535026662",
        "@relations": [
          {
            "role": "subarea",
            "rel": 19435883,
            "reltags": {
              "admin_level": "6",
              "boundary": "administrative",
              "name": "Phường Từ Sơn",
              "name:de": "Stadtviertel Từ Sơn",
              "name:en": "Tu Son Ward",
              "name:lzh": "慈山社",
              "name:vi-Hani": "社慈山",
              "name:zh": "慈山社",
              "name:zh-Hans": "慈山社",
              "name:zh-Hant": "慈山社",
              "population": "65697",
              "population:date": "2025-07-01",
              "source:population": "gis.vn",
              "type": "boundary",
              "wikidata": "Q134980459",
              "wikipedia": "vi:Từ Sơn (phường)"
            }
          }
        ]
      },
      "geometry": {
        "type": "Point",
        "coordinates": [
          105.9808695,
          21.1029684
        ]
      },
      "id": "node/5535026662"
    },
    {
      "type": "Feature",
      "properties": {
        "@id": "node/5931471963",
        "@relations": [
          {
            "role": "subarea",
            "rel": 19435883,
            "reltags": {
              "admin_level": "6",
              "boundary": "administrative",
              "name": "Phường Từ Sơn",
              "name:de": "Stadtviertel Từ Sơn",
              "name:en": "Tu Son Ward",
              "name:lzh": "慈山社",
              "name:vi-Hani": "社慈山",
              "name:zh": "慈山社",
              "name:zh-Hans": "慈山社",
              "name:zh-Hant": "慈山社",
              "population": "65697",
              "population:date": "2025-07-01",
              "source:population": "gis.vn",
              "type": "boundary",
              "wikidata": "Q134980459",
              "wikipedia": "vi:Từ Sơn (phường)"
            }
          }
        ]
      },
      "geometry": {
        "type": "Point",
        "coordinates": [
          105.9496754,
          21.1113159
        ]
      },
      "id": "node/5931471963"
    },
    {
      "type": "Feature",
      "properties": {
        "@id": "node/5931471975",
        "@relations": [
          {
            "role": "subarea",
            "rel": 19435883,
            "reltags": {
              "admin_level": "6",
              "boundary": "administrative",
              "name": "Phường Từ Sơn",
              "name:de": "Stadtviertel Từ Sơn",
              "name:en": "Tu Son Ward",
              "name:lzh": "慈山社",
              "name:vi-Hani": "社慈山",
              "name:zh": "慈山社",
              "name:zh-Hans": "慈山社",
              "name:zh-Hant": "慈山社",
              "population": "65697",
              "population:date": "2025-07-01",
              "source:population": "gis.vn",
              "type": "boundary",
              "wikidata": "Q134980459",
              "wikipedia": "vi:Từ Sơn (phường)"
            }
          }
        ]
      },
      "geometry": {
        "type": "Point",
        "coordinates": [
          105.9683114,
          21.1220099
        ]
      },
      "id": "node/5931471975"
    }
  ]
}